title,year,director,rating,download_link,description,cover_image,category,release_date
IMDB评分8分左右影片400余部,未知年份,,8,," 应影友需求，现汇集IMDB评分8分左右影片600多部，后续将不断更新和增加或是添加更高清版本，请大家收藏，谢谢大家支持！
更新至: 2022年12月31日

2022年悬疑《利刃出鞘2》BD中英双字
https://www.dytt8.com/html/gndy/dyzz/20221226/63280.html
2022年剧情《造梦之家》BD中英双字
https://www.dytt8.com/html/gndy/dyzz/20221226/63281.html
2022年高分获奖《伊尼舍林的报丧女妖》BD中英双字
https://www.dytt8.com/html/gndy/dyzz/20221217/63248.html
2022年奇幻动画《吉尔莫·德尔·托罗的匹诺曹》BD中英双字
https://www.dytt8.com/html/gndy/dyzz/20221210/63229.html
2022年获奖剧情《悲情三角》BD中英双字
https://www.dytt8.com/html/gndy/dyzz/20221127/63192.html
2022年剧情《安静的女孩》BD中英双字
https://www.dytt8.com/html/gndy/dyzz/20220922/62990.html
2022年动作惊悚《子弹列车》HD英语中字
https://www.dytt8.com/html/gndy/dyzz/20220928/63011.html
2022年科幻动画《DC萌宠特遣队》BD国英双语中字
https://www.dytt8.com/html/gndy/dyzz/20221007/63035.html
2022年剧情传记《猫王》BD英语中字
https://www.dytt8.com/html/gndy/dyzz/20220809/62873.html
2022年高分获奖悬疑《分手的决心》BD韩语中字
https://www.dytt8.com/html/gndy/dyzz/20220812/62876.html
2022年动作《壮志凌云2：独行侠》BD中英双字
https://www.dytt8.com/html/gndy/dyzz/20221018/63068.html
2022年动画《咒术回战0剧场版》BD日语中字
https://www.dytt8.com/html/gndy/dyzz/20220926/63008.html
2022年高分获奖剧情《隐入尘烟》HD国语中字
https://www.dytt8.com/html/gndy/dyzz/20220812/62877.html
2021年高分获奖《六号车厢/六号房间》BD中英双字
https://www.dytt8.com/html/gndy/dyzz/20220730/62839.html
2021年剧情《伟大的自由》BD德语中字
https://www.dytt8.com/html/gndy/dyzz/20220616/62712.html
2021年动作科幻《失控玩家》BD国英双语双字
https://www.dytt8.com/html/gndy/dyzz/20220617/62715.html
2022年剧情《唐顿庄园2》BD中英双字
https://www.dytt8.com/html/gndy/dyzz/20220613/62705.html
2022年喜剧奇幻《瞬息全宇宙》BD中英双字
https://www.dytt8.com/html/gndy/dyzz/20220520/62629.html
2021年科幻冒险《沙丘》BD国英双语双字
https://www.dytt8.com/html/gndy/dyzz/20220512/62605.html
2021年高分获奖动画纪录片《逃亡》BD中字
https://www.dytt8.com/html/gndy/dyzz/20220427/62560.html
2022年动作《新蝙蝠侠》HD中英双字
https://www.dytt8.com/html/gndy/dyzz/20220418/62535.html
2022年高分纪录片《回到太空》BD中英双字
https://www.dytt8.com/html/gndy/dyzz/20220419/62538.html
2021年高分纪录片《渔业阴谋》BD中英双字
https://www.dytt8.com/html/gndy/dyzz/20220420/62541.html
2022年高分纪录片《Tinder诈骗王》BD中英双字
https://www.dytt8.com/html/gndy/dyzz/20220324/62447.html
2021年动画《机动战士高达闪光的哈萨维》BD日语中字
https://www.dytt8.com/html/gndy/dyzz/20220319/62429.html
2021年动作科幻《蜘蛛侠：英雄无归》BD中英双字
https://www.dytt8.com/html/gndy/dyzz/20220313/62410.html
2022年动画喜剧《青春变形记》BD中英双字
https://www.dytt8.com/html/gndy/dyzz/20220313/62409.html
2021年高分纪录片《找寻》BD中英双字
https://www.dytt8.com/html/gndy/dyzz/20220301/62370.html
2021年获奖剧情《国王理查德》BD中英双字
https://www.dytt8.com/html/gndy/dyzz/20220216/62331.html
2021年动画《蜡笔小新：谜团！花之天下春日部学院》BD国粤日三语中字
https://www.dytt8.com/html/gndy/dyzz/20220217/62334.html
2021年动画喜剧《雄狮少年》HD国粤双语中字
https://www.dytt8.com/html/gndy/dyzz/20220204/62293.html
2021年高分获奖《世界上最糟糕的人》BD中字
https://www.dytt8.com/html/gndy/dyzz/20220125/62259.html
2021年高分纪录片《泰国洞穴救援》BD中字
https://www.dytt8.com/html/gndy/dyzz/20220126/62261.html
2021年喜剧《爱情神话》HD国语中英双字
https://www.dytt8.com/html/gndy/dyzz/20220126/62262.html
2021年动画喜剧《欢乐好声音2》BD中英双字
https://www.dytt8.com/html/gndy/dyzz/20220116/62219.html
2021年高分获奖《驾驶我的车》HD中英双字
https://www.dytt8.com/html/gndy/dyzz/20220121/62236.html
2021年高分剧情《呼朋引伴》BD中英双字
https://www.dytt8.com/html/gndy/dyzz/20220626/62739.html
2022年纪录片《哈利·波特20周年：回到霍格沃茨》BD中英双字
https://www.dytt8.com/html/gndy/dyzz/20220111/62203.html
2020年高分纪录片《龙虎武师》BD国粤双语中字
https://www.dytt8.com/html/gndy/dyzz/20220101/62172.html
2020年动画《乔西的虎与鱼》BD国日双语中字
https://www.dytt8.com/html/gndy/dyzz/20220103/62184.html

2021年纪录片《无尽攀登》HD国语中字
https://www.dytt8.com/html/gndy/dyzz/20220103/62185.html?

2021年奇幻喜剧《超能敢死队》BD中英双字
https://www.dytt8.com/html/gndy/dyzz/20220106/62190.html

2021年剧情《上帝之手》BD中字
https://www.dytt8.com/html/gndy/dyzz/20220107/62193.html

2021年纪录片《1950他们正年轻》HD国语中字
https://www.dytt8.com/html/gndy/dyzz/20211228/62168.html

2021年动作《007：无暇赴死》BD国英双语双字
https://www.dytt8.com/html/gndy/dyzz/20211214/62122.html
2021年动画喜剧《天赐灵机》BD中英双字
https://www.dytt8.com/html/gndy/dyzz/20211205/62093.html

2021年剧情《贝尔法斯特》BD中英双字
https://www.dytt8.com/html/gndy/dyzz/20211206/62096.html
2021年剧情《犬之力/犬山记》BD中英双字
https://www.dytt8.com/html/gndy/dyzz/20211203/62087.html
2021年高分剧情传记《倒数时刻》BD中英双字
https://www.dytt8.com/html/gndy/dyzz/20211122/62056.html
2021年动作《怒火·重案》BD国粤双语中字
https://www.dytt8.com/html/gndy/dyzz/20211121/62052.html
2021年惊悚动作《007：无暇赴死》HD中英双字
https://www.dytt8.com/html/gndy/dyzz/20211114/62031.html
2021年动作奇幻《尚气与十环传奇》BD中英双字
https://www.dytt8.com/html/gndy/dyzz/20211114/62030.html
2021年高分获奖《阿伊达，你往何处去？/突袭安全区》BD中字
https://www.dytt8.com/html/gndy/dyzz/20211108/62019.html
2021年汤姆·汉克斯科幻《芬奇》BD中英双字
https://www.dytt8.com/html/gndy/dyzz/20211107/62014.html
2018年悬疑动作《无双》BD国粤双语中字
https://www.dytt8.com/html/gndy/jddy/20211023/61979.html
2021年科幻冒险《Dune》HD中英双字
https://www.dytt8.com/html/gndy/dyzz/20211020/61968.html
2021年高分纪录片《九零后》HD国语中字
https://www.dytt8.com/html/gndy/dyzz/20211013/61949.html
2015年高分获奖争《无境之兽》BD中英双字
https://www.dytt8.com/html/gndy/jddy/20211010/61938.html
2021年动作悬疑《悬崖之上》BD国语中英双字
https://www.dytt8.com/html/gndy/dyzz/20210929/61896.html
2021年高分纪录片《龙虎武师》HD国语中字
https://www.dytt8.com/html/gndy/dyzz/20210912/61845.html
2021年剧情《水俣病/恶水真相》BD中英双字
https://www.dytt8.com/html/gndy/dyzz/20210903/61812.html
2021年奇幻动画《猎魔人：狼之噩梦》BD中英双字
https://www.dytt8.com/html/gndy/dyzz/20210826/61788.html
2021年奇幻动画《寻龙传说》BD国英双语双字
https://www.dytt8.com/html/gndy/dyzz/20210826/61782.html
2021年纪录片《打破边界：我们星球的科学》BD中英双字
https://www.dytt8.com/html/gndy/dyzz/20210825/61781.html
2020年动作喜剧《正义骑士》BD中英双字
https://www.dytt8.com/html/gndy/jddy/20210822/61775.html
2007年高分悬疑《十二宫》BD国英双语双字
https://www.dytt8.com/html/gndy/jddy/20210820/61762.html
2021年奇幻喜剧《黑白魔女库伊拉》BD国英双语双字
https://www.dytt8.com/html/gndy/dyzz/20210818/61758.html
2002年高分经典《猫鼠游戏》BD国英双语双字
https://www.dytt8.com/html/gndy/jddy/20210815/61745.html
2021年科幻动画《新·福音战士剧场版：终》BD日语中英双字
https://www.dytt8.com/html/gndy/dyzz/20210813/61739.html
2001年高分喜剧《少林足球》BD国语中字
https://www.dytt8.com/html/gndy/jddy/20210811/61728.html
2021年科幻动作《X特遣队：全员集结》BD中英双字
https://www.dytt8.com/html/gndy/dyzz/20210809/61721.html
2009年剧情惊悚《风声》BD国语中字
https://www.dytt8.com/html/gndy/jddy/20210806/61713.html
2021年冒险动作《浪客剑心最终章追忆篇》BD日语中字
https://www.dytt8.com/html/gndy/dyzz/20210801/61694.html
2021年动画喜剧《夏日友晴天》BD英国粤三语双字
https://www.dytt8.com/html/gndy/dyzz/20210730/61686.html
2020年动画《哆啦A梦：伴我同行2》BD国粤日三语中字
https://www.dytt8.com/html/gndy/dyzz/20210709/61623.html
2020年纪录片《六人：泰坦尼克号上的中国幸存者》HD中字
https://www.dytt8.com/html/gndy/dyzz/20210708/61619.html
1996年动作喜剧《大内密探零零发》BD国粤双语中字
https://www.dytt8.com/html/gndy/jddy/20210706/61613.html
2001年获奖喜剧《大腕》BD国语中字
https://www.dytt8.com/html/gndy/jddy/20210703/61597.html
2018年惊悚恐怖《寂静之地》BD中英双字
https://www.dytt8.com/html/gndy/dyzz/20210630/61591.html
  2021年科幻动画《蝙蝠侠：漫长的万圣节(上)》BD中英双字
https://www.dytt8.com/html/gndy/dyzz/20210625/61567.html
2001年科幻动画《未来蝙蝠侠：小丑归来》BD中英双字
https://www.dytt8.com/html/gndy/jddy/20210625/61568.html
2020年高分剧情《万尼亚舅舅》BD中英双字
https://www.dytt8.com/html/gndy/dyzz/20210626/61570.html
2019年获奖剧情《生日/没有你的生日》BD韩语中字
https://www.dytt8.com/html/gndy/dyzz/20210627/61579.html
2021年科幻惊悚《寂静之地2》BD中英双字
https://www.dytt8.com/html/gndy/dyzz/20210628/61581.html
2019年高分剧情《树上有个好地方》HD国语中英双字
https://www.dytt8.com/html/gndy/dyzz/20210615/61528.html
张学友梅艳芳《男人四十》BD国粤双语中字
https://www.dytt8.com/html/gndy/jddy/20210615/61537.html
2020年动画《鬼灭之刃剧场版无限列车篇》BD国粤日三语中字
https://www.dytt8.com/html/gndy/dyzz/20210619/61544.html
2021年剧情悬疑《悬崖之上》HD国语中英双字
https://www.dytt8.com/html/gndy/dyzz/20210619/61545.html
1994年高分获奖经典《活着》BD国语中字
https://www.dytt8.com/html/gndy/jddy/20210619/61546.html
2021年喜剧《老友记重聚特辑》BD中英双字
https://www.dytt8.com/html/gndy/dyzz/20210601/61476.html
2020年动作《拆弹专家2》BD国粤双语中字
https://www.dytt8.com/html/gndy/dyzz/20210604/61488.html
2019年获奖剧情音乐《金属之声》BD中字
https://www.dytt8.com/html/gndy/dyzz/20210606/61492.html
2020年动画《吹响悠风号剧场版：誓言的终章》BD日语中字
https://www.dytt8.com/html/gndy/dyzz/20210524/61457.html
2018年动画《利兹与青鸟》BD日语中字
https://www.dytt8.com/html/gndy/dyzz/20210528/61464.html
2019年高分动画《青春期猪头少年不做怀梦少女的梦》BD日语中字
https://www.dytt8.com/html/gndy/dyzz/20210515/61431.html
2021年剧情喜剧《第十一回》HD国语中英双字
https://www.dytt8.com/html/gndy/dyzz/20210515/61434.html
2019年奇幻动画《罗小黑战记》BD国语中字
https://www.dytt8.com/html/gndy/dyzz/20210518/61439.html
2020年幻动画《来自深渊：深魂的黎明》BD日语中字
https://www.dytt8.com/html/gndy/dyzz/20210518/61440.html
2013年高分剧情惊悚《蒙太奇》BD韩语中字
https://www.dytt8.com/html/gndy/jddy/20210427/61364.html
高分获奖剧情喜剧《沙滩上的宝莲》BD法语中字
https://www.dytt8.com/html/gndy/jddy/20210428/61367.html
2000年周迅高分剧情爱情《苏州河》HD国语中字
https://www.dytt8.com/html/gndy/jddy/20210429/61370.html
2020年动画《蜡笔小新：激战！涂鸦王国和约四位勇士》BD.国粤日三语中字
https://www.dytt8.com/html/gndy/dyzz/20210430/61372.html
2007年高分获奖惊悚《老无所依》BD国英双语双字
https://www.dytt8.com/html/gndy/jddy/20210427/61363.html

2021年高分纪录片《地球改变之年》BD中英双字
https://www.dytt8.com/html/gndy/dyzz/20210427/61362.html

2021年剧/喜剧《你好，李焕英》HD国语中英双字
https://www.dytt8.com/html/gndy/dyzz/20210503/61384.html
     2019年动画喜剧《玩具总动员4》BD国英双语双字
https://www.dytt8.com/html/gndy/dyzz/20191001/59179.html
2019年动作《速度与激情：特别行动》BD中英双字幕
https://www.dytt8.com/html/gndy/dyzz/20191027/59304.html
2018年动画奇幻《企鹅日记》BD日语中字
https://www.dytt8.com/html/gndy/dyzz/20191005/59196.html
2019年奇幻动画《罗小黑战记》HD国语中字
https://www.dytt8.com/html/gndy/dyzz/20191017/59265.html
2019年动画冒险《狮子王》BD国粤英三语双字
https://www.dytt8.com/html/gndy/dyzz/20191014/59250.html
2019年高分剧情《续命之徒：绝命毒师电影》BD中英双字幕
https://www.dytt8.com/html/gndy/dyzz/20191014/59249.html
2019年奇幻动画《哪吒之魔童降世》HD国语中字
https://www.dytt8.com/html/gndy/dyzz/20191011/59243.html
2019年高分剧情《柳烈的音乐专辑》BD韩语中字
https://www.dytt8.com/html/gndy/dyzz/20191111/59375.html
2019年高分冒险喜剧《花生酱猎鹰》BD中英双字幕
https://www.dytt8.com/html/gndy/dyzz/20191105/59346.html
2019年剧情《唐顿庄园电影版》BD中英双字幕
https://www.dytt8.com/html/gndy/dyzz/20191129/59423.html
2019年高分剧情《少年的你》HD国语中字
https://www.dytt8.com/html/gndy/dyzz/20191127/59419.html
2019年高分获奖《好莱坞往事》BD中英双字幕
https://www.dytt8.com/html/gndy/dyzz/20191125/59416.html
2019年高分动画《克劳斯：圣诞节的秘密》BD国英西三语双字
https://www.dytt8.com/html/gndy/dyzz/20191117/59397.html
2019年高分剧情《别告诉她》BD中英双字幕
https://www.dytt8.com/html/gndy/dyzz/20191115/59392.html
2019年高分剧情《82年生的金智英》BD韩语中字
https://www.dytt8.com/html/gndy/dyzz/20191214/59496.html
2019年高分剧情《我和我的祖国》HD国语中英双字
https://www.dytt8.com/html/gndy/dyzz/20191214/59495.html
2019年高分获奖剧情《寄生虫》BD韩语中字
https://www.dytt8.com/html/gndy/dyzz/20191211/59486.html
2019年高分剧情《漫长的告别》BD日语中字
https://www.dytt8.com/html/gndy/dyzz/20191208/59472.html
2019年悬疑喜剧《行骗天下JP：浪漫篇》BD日语中字
https://www.dytt8.com/html/gndy/dyzz/20191208/59471.html
2019年高分获奖剧情《婚姻故事》BD中英双字幕
https://www.dytt8.com/html/gndy/dyzz/20191208/59468.html
2019年高分剧情《爱尔兰人/爱尔兰杀手》BD中英双字幕
https://www.dytt8.com/html/gndy/dyzz/20191129/59425.html
2019年高分获奖剧情《教宗的承继》BD中英双字幕
https://www.dytt8.com/html/gndy/dyzz/20191228/59541.html
2019年高分剧情惊悚《小丑》BD中英双字幕
https://www.dytt8.com/html/gndy/dyzz/20191219/59513.html
2019年高分获奖剧情《痛苦与荣耀》BD中英双字幕
https://www.dytt8.com/html/gndy/dyzz/20200115/59608.html
2019年历史战争《决战中途岛》HD国语
https://www.dytt8.com/html/gndy/dyzz/20200112/59591.html
2019年动画冒险《航海王：狂热行动》HD国日双语中字
https://www.dytt8.com/html/gndy/dyzz/20200108/59583.html
2018年高分获奖《他们已不再变老》BD英语中字
https://www.dytt8.com/html/gndy/dyzz/20200123/59630.html
2019年科幻灾难《流浪地球》BD国语中英双字
https://www.dytt8.com/html/gndy/dyzz/20200120/59623.html
2019年剧情犯罪《小委托人》BD韩语中字
https://www.dytt8.com/html/gndy/dyzz/20200213/59709.html
2019年高分获奖剧情《极速车王》BD中英双字幕
https://www.dytt8.com/html/gndy/dyzz/20200202/59659.html
2019年获奖剧情《爆炸新闻/爆炸性丑闻》BD中英双字幕
https://www.dytt8.com/html/gndy/dyzz/20200226/59744.html
2019年高分剧情《对不起，我们错过了你》BD中英双字幕
https://www.dytt8.com/html/gndy/dyzz/20200226/59742.html
2019年高分剧情音乐《印度有嘻哈》BD中字
https://www.dytt8.com/html/gndy/dyzz/20200225/59739.html
2019年高分剧情《黑水/追击黑水真相》BD中英双字幕
https://www.dytt8.com/html/gndy/dyzz/20200223/59731.html
2019年奇幻动画《白蛇：缘起》BD国语中英双字
https://www.dytt8.com/html/gndy/dyzz/20200221/59729.html
2019年高分剧情《基督圣体》BD中英双字幕
https://www.dytt8.com/html/gndy/dyzz/20200217/59719.html

2018年高分动画剧情《盗梦特攻队》BD中英双字幕
https://www.dytt8.com/html/gndy/dyzz/20190419/58493.html
  2019年高分获奖剧情《过春天》HD国语中英双字
https://www.dytt8.com/html/gndy/dyzz/20190419/58494.html

2018年高分获奖剧情《绿皮书》BD国英双语双字
https://www.dytt8.com/html/gndy/dyzz/20190515/58600.html
  2019年高分剧情战争《摇摆狂潮》BD韩语中字
https://www.dytt8.com/html/gndy/dyzz/20190602/58660.html

2018年高分获奖剧情《地久天长》HD国语中字
https://www.dytt8.com/html/gndy/dyzz/20190605/58693.html

2018年高分惊悚《孟买酒店》BD中英双字幕
https://www.dytt8.com/html/gndy/dyzz/20190611/58719.html

2018年高分获奖《女大法官金斯伯格》BD英语中字
https://www.dytt8.com/html/gndy/dyzz/20190612/58720.html

2019年高分剧情爱情《五尺天涯》BD中英双字幕
https://www.dytt8.com/html/gndy/dyzz/20190613/58723.html

2018年高分获奖《恐怖分子的孩子》BD中英双字幕
https://www.dytt8.com/html/gndy/dyzz/20190705/58799.html
  2018年高分获奖《大象席地而坐》BD国语中字
https://www.dytt8.com/html/gndy/dyzz/20190706/58801.html

2017年高分喜剧《宾果：晨光之王》BD中文字幕
https://www.dytt8.com/html/gndy/jddy/20190707/58806.html
  2019年高分获奖剧情《寄生虫》BD韩语中字
https://www.dytt8.com/html/gndy/dyzz/20190809/58966.html

2019年奇幻动画《驯龙高手3》BD中英双字幕
https://www.dytt8.com/html/gndy/dyzz/20190411/58469.html
  2019年获奖悬疑剧情《风中有朵雨做的云》HD国语中英双字
https://www.dytt8.com/html/gndy/dyzz/20190419/58495.html

2018年悬疑惊悚《网络谜踪》BD中英双字幕
https://www.dytt8.com/html/gndy/dyzz/20190412/58474.html
  2019年悬疑惊悚《教授与疯子》BD中英双字幕
https://www.dytt8.com/html/gndy/dyzz/20190616/58731.html

2019年科幻灾难《流浪地球》HD国语中英双字
https://www.dytt8.com/html/gndy/dyzz/20190427/58518.html

2018年悬疑惊悚《调音师/调琴师》BD国印双语中字
https://www.dytt8.com/html/gndy/dyzz/20190528/58640.html

2019年高分纪录片《阿波罗11号》BD中英双字幕
https://www.dytt8.com/html/gndy/dyzz/20190524/58628.html

2018年惊悚剧情《候鸟》BD中英双字幕
https://www.dytt8.com/html/gndy/dyzz/20190522/58621.html

2019年科幻动作《惊奇队长》BD中英双字幕
https://www.dytt8.com/html/gndy/dyzz/20190530/58652.html

2019年西部动作《朽木电影版》BD英语中字
https://www.dytt8.com/html/gndy/dyzz/20190604/58684.html

2019年科幻动作《阿丽塔：战斗天使》BD中英双字幕
https://www.dytt8.com/html/gndy/dyzz/20190717/58859.html

2019年剧情音乐《火箭人》BD中英双字幕
https://www.dytt8.com/html/gndy/dyzz/20190812/58979.html

2019年动作《疾速备战/疾速追杀3》BD中英双字幕
https://www.dytt8.com/html/gndy/dyzz/20190816/58992.html

2019年科幻动作《复仇者联盟4：终局之战》BD国英双语双字
https://www.dytt8.com/html/gndy/dyzz/20190823/59011.html

2019年动画喜剧《玩具总动员4》HD中英双字幕
https://www.dytt8.com/html/gndy/dyzz/20190918/59133.html
  2019年科幻动作《蜘蛛侠：英雄远征》BD国英双语双字
https://www.dytt8.com/html/gndy/dyzz/20190930/59173.html
     
2018年高分惊悚《气球/奇迹热气球》BD韩语中字
https://www.dytt8.com/html/gndy/dyzz/20190403/58420.html
2018年高分获奖剧情《无主之作》BD德语中字
https://www.dytt8.com/html/gndy/dyzz/20190402/58407.html
2018年高分获奖剧情《小偷家族》BD日语中字
https://www.dytt8.com/html/gndy/dyzz/20190325/58375.html
2018年高分获奖动画《蜘蛛侠：平行宇宙》BD国英双语双字幕
https://www.dytt8.com/html/gndy/dyzz/20190316/58350.html
2019年高分奇幻动画《白蛇：缘起》HD国语中字
https://www.dytt8.com/html/gndy/dyzz/20190304/58296.html

2018年高分获奖剧情《迦百农》BD中文字幕
https://www.dytt8.com/html/gndy/dyzz/20190302/58264.html
2018年高分获奖纪录片《徒手攀岩》BD中英双字幕
https://www.dytt8.com/html/gndy/dyzz/20190224/58244.html
2018年高分获奖《绿皮书/绿簿旅友》BD中英双字幕
https://www.dytt8.com/html/gndy/dyzz/20190221/58236.html

2017年高分悬疑《猎凶风河谷》BD中英双字幕
https://www.dytt8.com/html/gndy/dyzz/20190219/58231.html

2017年高分悬疑《看不见的客人》BD国西双语中英双字
https://www.dytt8.com/html/gndy/dyzz/20190219/58230.html
2018年高分科幻动作《头号玩家》BD国英双语双字
https://www.dytt8.com/html/gndy/dyzz/20190218/58224.html

2018年高分科幻《死侍2未分级加长版》BD中英双字幕
https://www.dytt8.com/html/gndy/dyzz/20190218/58224.html

2018年高分纪录片《四个春天》HD国语中英双字
https://www.dytt8.com/html/gndy/jddy/20190217/58219.html

2018年高分获奖剧情《宠儿/争宠/宠姬》BD中英双字幕
https://www.dytt8.com/html/gndy/dyzz/20190215/58207.html
2018年高分获奖剧情《罗马》BD中英双字幕
https://www.dytt8.com/html/gndy/dyzz/20190213/58202.html
2018年高分获奖剧情《谁先爱上他的》BD国语中字
https://www.dytt8.com/html/gndy/dyzz/20190205/58161.html

2018年高分惊悚喜剧《调琴师》BD中文字幕
https://www.dytt8.com/html/gndy/dyzz/20190131/58128.html

2018年高分获奖剧情《波西米亚狂想曲》BD中英双字幕
https://www.dytt8.com/html/gndy/dyzz/20190127/58117.html
2018年高分剧情音乐《一个明星的诞生》BD中英双字幕
https://www.dytt8.com/html/gndy/dyzz/20190120/58094.html
2018年高分获奖剧情《地牢回忆》BD中英双字幕
https://www.dytt8.com/html/gndy/dyzz/20190112/58069.html
2018年高分剧情《狗十三》HD国语中英双字
https://www.dytt8.com/html/gndy/dyzz/20190108/58052.html
2018年高分获奖剧情《登月第一人》BD中英双字幕
https://www.dytt8.com/html/gndy/dyzz/20181218/57950.html
2018年高分喜剧恐怖《摄影机不要停！》BD日语中字
https://www.dytt8.com/html/gndy/dyzz/20181212/57930.html
2018年高分获奖剧情《阿拉姜色》HD国语中字
https://www.dytt8.com/html/gndy/dyzz/20181208/57909.html
2018年高分获奖剧情《大象席地而坐》HD国语中字
https://www.dytt8.com/html/gndy/dyzz/20181125/57830.html
2018年高分动作《碟中谍6：全面瓦解》BD国英双语双字
https://www.dytt8.com/html/gndy/dyzz/20181116/57795.html
2018年高分动画喜剧《超人总动员2》BD英国粤三语双字
https://www.dytt8.com/html/gndy/dyzz/20181104/57730.html
2018年高分恐怖《怨恨3：杀手》BD中英双字幕
https://www.dytt8.com/html/gndy/jddy/20181103/57723.html
2018年高分奇幻《与神同行：罪与罚》BD韩粤双语中字
https://www.dytt8.com/html/gndy/dyzz/20181102/57716.html
2018年高分奇幻《与神同行2：因与缘》BD韩语中英双字
https://www.dytt8.com/html/gndy/dyzz/20181102/57715.html
2018年高分喜剧《克里斯托弗·罗宾》BD中英双字幕
https://www.dytt8.com/html/gndy/dyzz/20181028/57690.html
2018年高分剧情爱情《冷战/没有烟硝的爱情》BD中英双字幕
https://www.dytt8.com/html/gndy/dyzz/20181027/57687.html
2018年高分历史战争《冒牌上尉》BD中英双字幕
https://www.dytt8.com/html/gndy/dyzz/20181026/57683.html
2018年高分纪录片《孪生陌生人》BD中英双字幕
https://www.dytt8.com/html/gndy/dyzz/20181017/57637.html

      1.  2018年7.9高分喜剧《八年级》BD中英双字幕
https://www.dytt8.com/html/gndy/dyzz/20181002/57543.html

2.  2018年高分剧情《不留痕迹/叶落无痕》BD中英双字幕
https://www.dytt8.com/html/gndy/dyzz/20180930/57540.html

3.  2018年高分奇幻剧情《幸福的拉扎罗》BD日语中字
https://www.dytt8.com/html/gndy/dyzz/20180922/57495.html

4.  2017年高分获奖《三块广告牌》BD国英双语双字
https://www.dytt8.com/html/gndy/dyzz/20180902/57367.html

5.  2018年高分科幻动作《升级》BD中英双字幕
https://www.dytt8.com/html/gndy/dyzz/20180817/57300.html

6.  2018年高分科幻动作《死侍2未分级加长版》BD中英双字幕
https://www.dytt8.com/html/gndy/dyzz/20180809/57265.html

7.  2018年8.7高分动作《复仇者联盟3：无限战争》BD国英双语双字
https://www.dytt8.com/html/gndy/dyzz/20180804/57215.html

8.  2018年高分剧情《塔利/厌世妈咪日记》BD中英双字幕
https://www.dytt8.com/html/gndy/dyzz/20180723/57163.html

9.  2018年高分动画喜剧《犬之岛》BD中英双字幕
https://www.dytt8.com/html/gndy/dyzz/20180703/57075.html

10.  2017年高分获奖剧情《羞辱》BD中英双字幕
https://www.dytt8.com/html/gndy/dyzz/20180614/57009.html

11.  2018年高分获奖剧情《米花之味》HD国语中英双字
https://www.dytt8.com/html/gndy/jddy/20180613/57005.html

12.  2018年高分剧情悬疑《燃烧/燃烧烈爱》BD韩语中字
https://www.dytt8.com/html/gndy/dyzz/20180611/56999.html

13.  2015年高分动画《西游记之大圣归来》BD国语中字
https://www.dytt8.com/html/gndy/jddy/20180524/56894.html

14.  2016年高分剧情《契克/再见柏林》BD中英双字幕
https://www.dytt8.com/html/gndy/jddy/20180516/56865.html

15.  2017年高分获奖剧情《水形物语》BD国英双语双字幕
https://www.dytt8.com/html/gndy/dyzz/20180426/56754.html

16.  2017年高分获奖纪录片《脸庞，村庄》BD法语中字
https://www.dytt8.com/html/gndy/jddy/20180407/56660.html

17.  2017年高分剧情《与神同行》BD韩粤双语中字
https://www.dytt8.com/html/gndy/dyzz/20180404/56639.html

18.  2018年高分获奖剧情《华盛顿邮报》BD中英双字幕
https://www.dytt8.com/html/gndy/dyzz/20180403/56636.html

19.  2017年高分获奖剧情《魅影缝匠》BD中英双字幕
https://www.dytt8.com/html/gndy/dyzz/20180328/56584.html

20.  2017年高分获奖剧情《马戏之王》BD中英双字幕
https://www.dytt8.com/html/gndy/dyzz/20180321/56541.html

21.  2017年8.2高分喜剧《帕丁顿熊2》BD英国粤三语双字幕
https://www.dytt8.com/html/gndy/dyzz/20180317/56527.html

22.  2017年高分获奖剧情《至暗时刻》BD国英双语双字幕
https://www.dytt8.com/html/gndy/dyzz/20180316/56518.html

23.  2017年高分获奖动画《春宵苦短，少女前进吧！》BD日语中字
https://www.dytt8.com/html/gndy/dyzz/20180315/56507.html
    1 2016年高分记录《辛普森：美国制造》BD中英双字幕
https://www.dytt8.com/html/gndy/dyzz/20170504/53893.html

2  2016年高分获奖剧情喜剧《杰出公民》BD中文字幕
https://www.dytt8.com/html/gndy/dyzz/20170510/53958.html

3  2016年高分获奖动画《你的名字。》BD日语中字
https://www.dytt8.com/html/gndy/dyzz/20170726/54600.html

4  2017年高分剧情战争《奥斯曼中尉》BD中英双字幕
https://www.dytt8.com/html/gndy/dyzz/20170726/54595.html

5  2017年高分获奖剧情《一念无明》HD粤语中字

https://www.dytt8.com/html/gndy/jddy/20171128/55649.html

6  2017年高分纪录片《追逐珊瑚》BD中英双字幕
https://www.dytt8.com/html/gndy/jddy/20170719/54551.html

7  2017年高分家庭剧情《天才少女》BD中英双字幕
https://www.dytt8.com/html/gndy/dyzz/20170712/54497.html

8  2017年高分科幻剧情《玉子》BD中英双字幕
https://www.dytt8.com/html/gndy/jddy/20170708/54464.html

9  2016年高分获奖剧情《将来的事》BD法语中字
https://www.dytt8.com/html/gndy/dyzz/20170705/54440.html

10  2016年高分传记剧情《摔跤吧！爸爸》BD中英双字幕
https://www.dytt8.com/html/gndy/dyzz/20170609/54218.html
  11  2017年高分动作《疾速特攻/疾速追杀2》BD中英双字幕

https://www.dytt8.com/html/gndy/dyzz/20170602/54141.html

12  2015年高分纪录片《猎捕/生存战》BD中英双字幕
https://www.dytt8.com/html/gndy/dyzz/20170530/54111.html

13  2017年高分剧情《猜火车2/迷幻列车2》BD中英双字幕
https://www.dytt8.com/html/gndy/dyzz/20170528/54095.html

14  2016年高分获奖剧情《毕业会考》BD中英双字幕
https://www.dytt8.com/html/gndy/jddy/20170527/54080.html
  15  2016年高分获奖剧情《帕特森》BD中英双字幕
https://www.dytt8.com/html/gndy/dyzz/20170523/54058.html

16  2016年高分动画《声之形》BD日语中字
https://www.dytt8.com/html/gndy/dyzz/20170522/54048.html

17  2016年高分历史剧情战争《沃伦》BD中英双字幕
https://www.dytt8.com/html/gndy/dyzz/20170512/53976.html
18  2017年高分悬疑恐怖《逃出绝命镇》HD中英双字幕
https://www.dytt8.com/html/gndy/jddy/20170510/53960.html

19  2017年高分喜剧《家族之苦2/麻烦家族2》BD日语中字
https://www.dytt8.com/html/gndy/jddy/20171114/55544.html

20  2016年高分喜剧《家族之苦/麻烦家族》BD日语中字
https://www.dytt8.com/html/gndy/jddy/20171114/55543.html

21  2017年高分纪录片《重返·狼群》HD国语中字
https://www.dytt8.com/html/gndy/jddy/20171112/55527.html
22  2017年高分剧情历史《南汉山城》HD韩语中字
https://www.dytt8.com/html/gndy/dyzz/20171109/55506.html

23  2017年高分喜剧《我能说》HD韩语中字
https://www.dytt8.com/html/gndy/jddy/20171030/55405.html

24  2016年高分动画《在这世界的角落》BD日语中字
https://www.dytt8.com/html/gndy/jddy/20171022/55358.html
25  2017年高分动作《极盗车神》国英双语.BD中英双字幕
https://www.dytt8.com/html/gndy/dyzz/20171011/55267.html
26  2017年高分科幻动作《猩球崛起3：终极之战》BD中英双字幕
https://www.dytt8.com/html/gndy/dyzz/20171010/55258.html

27  2016年9.7高分冒险战争《山2》HD中英双字幕
https://www.dytt8.com/html/gndy/jddy/20170928/55140.html

28  2017年高分历史剧情《出租车司机》HD韩语中字
https://www.dytt8.com/html/gndy/dyzz/20170928/55135.html
29  2017年高分科幻动作《蜘蛛侠：英雄归来》HD中英双字幕
https://www.dytt8.com/html/gndy/dyzz/20170926/55119.html

30  2017年高分获奖音乐喜剧《闪光少女》HD国语中字
https://www.dytt8.com/html/gndy/dyzz/20170922/55084.html

31  2017年高分剧情奇幻《鬼魅浮生/鬼故事》BD中英双字幕
https://www.dytt8.com/html/gndy/dyzz/20170920/55067.html

32  2017年高分喜剧《大病/爱情昏迷中》BD中英双字幕

https://www.dytt8.com/html/gndy/jddy/20170910/54994.html

33  2017年高分剧情喜剧《希望的另一面》BD中字
https://www.dytt8.com/html/gndy/jddy/20170830/54877.html

34  2016年高分剧情《碰撞/囚车大风暴》BD中字
https://www.dytt8.com/html/gndy/jddy/20170824/54825.html
35  2017年高分科幻动作《银河护卫队2》BD中英双字幕
https://www.dytt8.com/html/gndy/dyzz/20170809/54727.html
36  2015年高分获奖动作《师父/师傅》BD国语中字
https://www.dytt8.com/html/gndy/dyzz/20170731/54631.html

37  2017年高分战争《敦刻尔克》BD国英双语中英双字幕
https://www.dytt8.com/html/gndy/dyzz/20180116/56115.html
38  2017年高分悬疑《看不见的客人》BD国西双语中英双字幕
https://www.dytt8.com/html/gndy/dyzz/20180116/56114.html
39  2017年高分剧情《再见，克里斯托弗·罗宾》BD中英双字幕
https://www.dytt8.com/html/gndy/dyzz/20180115/56103.html
40  2017年高分获奖喜剧《帝一之国》BD日语中字
https://www.dytt8.com/html/gndy/jddy/20180110/56050.html
41  2017年高分获奖《至爱梵高·星空之谜》BD中英双字幕
https://www.dytt8.com/html/gndy/dyzz/20180106/56002.html

42  2017年8.4高分科幻《银翼杀手2049》BD中英双字幕
https://www.dytt8.com/html/gndy/dyzz/20180105/55988.html

43  2017年高分恐怖《小丑回魂》BD中英双字幕[更新]
https://www.dytt8.com/html/gndy/dyzz/20171230/55923.html
44  2017年高分纪录片《地球：神奇的一天》HD国语中字
https://www.dytt8.com/html/gndy/dyzz/20171227/55901.html

45  2017年高分剧情《嘉年华》HD国语中字
https://www.dytt8.com/html/gndy/dyzz/20171221/55856.html

46  2017年高分获奖剧情《啊，荒野》BD日语中字

https://www.dytt8.com/html/gndy/jddy/20171205/55732.html

47  2017年高分获奖剧情《相爱相亲》HD国语中字

https://www.dytt8.com/html/gndy/dyzz/20171205/55728.html
  48  2017年高分剧情《天才枪手》BD国粤双语中字
https://www.dytt8.com/html/gndy/dyzz/20171202/55685.html

49  2017年高分动画奇幻《龙的牙医》HD日语中字

https://www.dytt8.com/html/gndy/jddy/20171124/55615.html

50  2017年高分获奖剧情《肉与灵》HD中英双字幕
https://www.dytt8.com/html/gndy/jddy/20171122/55604.html

51  2017年高分剧情音乐《神秘巨星》HD国印双语中字
https://www.dytt8.com/html/gndy/dyzz/20180227/56372.html

52  2017年高分科幻动作《雷神3：诸神黄昏》BD国英双语双字幕
https://www.dytt8.com/html/gndy/dyzz/20180226/56367.html

53  2017年高分获奖剧情《伯德小姐》BD中英双字幕
https://www.dytt8.com/html/gndy/dyzz/20180225/56365.html
  54  2017年2017年高分获奖剧情喜剧《大佛普拉斯》BD中英双字幕
https://www.dytt8.com/html/gndy/dyzz/20180223/56357.html
  55  2017年高分获奖喜剧《灾难艺术家》BD中英双字幕
https://www.dytt8.com/html/gndy/dyzz/20180222/56352.html

56  2017年高分获奖喜剧《斯大林之死》BD中英双字幕
https://www.dytt8.com/html/gndy/dyzz/20180222/56351.html

57  2017年高分奇幻剧情《与神同行》BD韩语中字

https://www.dytt8.com/html/gndy/dyzz/20180217/56338.html
  58  2017年高分获奖剧情《每分钟120击》BD法语中字
https://www.dytt8.com/html/gndy/dyzz/20180212/56317.html
  59  2017年8.7高分获奖动画《寻梦环游记》BD国英双语双字
https://www.dytt8.com/html/gndy/dyzz/20180210/56299.html

60  2017年9.3高分战争《忍之国/忍者之国》BD日语中字
https://www.dytt8.com/html/gndy/dyzz/20180206/56275.html

61 2017年7.8高分获奖剧情《佛罗里达乐园》BD中英双字幕
https://www.dytt8.com/html/gndy/dyzz/20180205/56265.html

62  2017年高分获奖剧情《方形/抓狂美术馆》BD中文字幕
https://www.dytt8.com/html/gndy/dyzz/20180203/56245.html

63  2017年8.1高分剧情《奇迹男孩》BD中英双字幕
https://www.dytt8.com/html/gndy/dyzz/20180131/56222.html
64  2017年高分剧情《勇往直前/无路可退》BD中英双字幕
https://www.dytt8.com/html/gndy/dyzz/20180128/56213.html
65  2017年高分剧情《天际行者》BD中英双字幕
https://www.dytt8.com/html/gndy/jddy/20180117/56123.html

66  2017年高分剧情《老幸运》BD中英双字幕
https://www.dytt8.com/html/gndy/jddy/20180117/56121.html
67  2017年高分获奖动画《养家之人》HD中英双字幕
https://www.dytt8.com/html/gndy/jddy/20180227/56373.html

68  2017年高分获奖剧情《三块广告牌》BD中英双字幕
https://www.dytt8.com/html/gndy/dyzz/20180228/56387.html

69  2017年高分获奖奇幻剧情《水形物语》BD中英双字幕
https://www.dytt8.com/html/gndy/dyzz/20180301/56394.html

70  2017年高分奇幻动画《游戏人生ZERO》BD日语中字
https://www.dytt8.com/html/gndy/dyzz/20180302/56398.html

71  2017年高分获奖剧情传记《至暗时刻》BD中英双字幕
https://www.dytt8.com/html/gndy/dyzz/20180302/56408.html

72  2017年高分获奖剧情《奇迹男孩》BD国英双语双字幕
https://www.dytt8.com/html/gndy/dyzz/20180303/56417.html

73  2017年高分获奖剧情传记《我，花样女王》BD中英双字幕
https://www.dytt8.com/html/gndy/dyzz/20180304/56419.html
74  2017年高分剧情喜剧《起跑线》BD中英双字幕
https://www.dytt8.com/html/gndy/dyzz/20180304/56421.html

75  2017年高分获奖剧情《马戏之王》HD韩版中英双字幕
https://www.dytt8.com/html/gndy/dyzz/20180304/56432.html
76  2017年8.2高分获奖剧情《请以你的名字呼唤我》BD中英双字幕
https://www.dytt8.com/html/gndy/dyzz/20180306/56451.html
77  2017年8.2高分喜剧《帕丁顿熊2》BD中英双字幕
https://www.dytt8.com/html/gndy/dyzz/20180309/56471.html
78  2017年高分纪录片《二十二》HD国语中英双字幕
https://www.dytt8.com/html/gndy/dyzz/20180309/56472.html
79  2018年高分科幻悬疑《湮灭/灭绝》BD中英双字幕
https://www.dytt8.com/html/gndy/dyzz/20180313/56490.html
80  2017年高分动画喜剧《大坏狐狸的故事》BD法语中字
https://www.dytt8.com/html/gndy/jddy/20180313/56491.html
81  2017年范伟高分获奖《不成问题的问题》HD国语中英双字
https://www.dytt8.com/html/gndy/dyzz/20180313/56492.html
  82  2017年高分纪录片《成为邦德》BD中英双字幕
https://www.dytt8.com/html/gndy/jddy/20180314/56496.html

83  2017年高分获奖剧情《上帝之国》BD中英双字幕
https://www.dytt8.com/html/gndy/jddy/20180314/56497.html
84  高分经典动画《侧耳倾听/心之谷》BD国粤日三语中字
https://www.dytt8.com/html/gndy/jddy/20180314/56502.html
85  高分经典动画《我的邻居山田君》BD国日双语中字
https://www.dytt8.com/html/gndy/jddy/20180314/56503.html
86  2017年高分获奖剧情《九三年夏天》BD中字
https://www.dytt8.com/html/gndy/dyzz/20180314/56504.html
           1 8.3 2016 爱乐之城/星声梦里人(港)/乐来越爱你(台)/爵士情缘/啦啦之地 La La Land 2016年高分获奖大片《爱乐之城》BD中英双字幕
https://www.dytt8.com//html/gndy/dyzz/20170427/53846.html
2 8.2 2016 血战钢锯岭/钢锯岭/钢铁英雄(台) Hacksaw Ridge 2016年8.4高分战争《血战钢锯岭》国英双语.BD中英双字幕
https://www.dytt8.com/html/gndy/dyzz/20170213/53251.html
3 8.1 2016 雄狮/漫漫回家路(港) Lion 2016年8分获奖《雄狮/漫漫回家路》HD中英双字幕
https://www.dytt8.com/html/gndy/jddy/20170221/53312.html
4 8.1 2016 疯狂动物城/優獸大都會(港)/动物方城市(台) Zootopia 2016年8.3高分动画《疯狂动物城》BD中英双字幕
https://www.dytt8.com/html/gndy/dyzz/20160521/51043.html
5 8.1 2015 星球大战7：原力觉醒/星球大戰：原力覺醒(港)/STAR WARS：原力覺醒(台) Star Wars: The Force Awakens 2015年8.4分科幻动作《星球大战7：原力觉醒》BD中英双字幕
https://www.dytt8.com/html/gndy/dyzz/20160323/50563.html
6 8.0 2016 降临/你一生的故事/异星入境(台)/天煞异降(港)/抵达/抵达者 Arrival 2016年8.2分科幻剧情《降临》BD中英双字幕
https://www.dytt8.com/html/gndy/dyzz/20170202/53142.html
7 8.0 2016 推销员/新居风暴(台)/伊朗式迁居(港) The Salesman/Forushande/Seller 2016年届奥斯卡最佳外语片《推销员》BD中文字幕
https://www.dytt8.com/html/gndy/dyzz/20170329/53583.html
8 8.0 2016 初恋这首情歌/初恋无限JAM(港)/摇滚青春恋习曲(台)/唱街 Sing Street 2016年高分剧情《初恋这首情歌》BD中英双字幕
https://www.dytt8.com/html/gndy/dyzz/20160709/51444.html
9 8.0 2016 死侍/死侍：不死现身(港)/恶棍英雄：死侍(台) Deadpool 2016年8.3高分科幻动作《死侍》BD中英双字幕
https://www.dytt8.com/html/gndy/dyzz/20160427/50838.html
10 8.0 2015 荒野猎人/复仇勇者(港)/神鬼猎人(台)/还魂者/亡魂/归来者 The Revenant 2015年8.2高分获奖大片《荒野猎人》
BD中英双字幕
https://www.dytt8.com/html/gndy/dyzz/20160422/50804.html
11 8.0 2013 26个特殊劫匪/骗行无阻/特殊劫匪 Special Chabbis 2013年8分获奖惊悚《26个特殊劫匪》BD中英双字幕
https://www.dytt8.com/html/gndy/jddy/20170214/53256.html
12 8.2 2017年高分悬疑恐怖《逃出绝命镇》
https://www.dytt8.com/html/gndy/dyzz/20170422/53803.html
  2015年高分获奖大片《大空头/大卖空》BD中英双字幕
https://www.dytt8.com/html/gndy/dyzz/20160307/50446.html
2015年8.0高分剧情《第二个妈妈》BD中英双字幕
https://www.dytt8.com/html/gndy/dyzz/20160309/50463.html

7.9高分惊悚战争《共同警备区》BD中文字幕
https://www.dytt8.com/html/gndy/jddy/20160502/50873.html

2016年高分奇幻《奇幻森林》国英双语.BD中英双字幕
https://www.dytt8.com/html/gndy/dyzz/20160809/51701.html

2016年7.8高分悬疑恐怖《招魂2》BD中英双字幕
https://www.dytt8.com/html/gndy/dyzz/20160829/51835.html
2016年8.2高分科幻动作《美国队长3》BD中英双字幕
https://www.dytt8.com/html/gndy/dyzz/20160830/51838.html
2016年高分惊悚灾难《釜山行/尸速列车》HD韩语中字
https://www.dytt8.com/html/gndy/jddy/20160913/51982.html
2016年8.0高分剧情喜剧《神奇队长》BD中英双字幕
https://www.dytt8.com/html/gndy/jddy/20161108/52462.html
2016年8.1高分犯罪剧情《赴汤蹈火》BD中英双字幕
https://www.dytt8.com/html/gndy/dyzz/20161112/52487.html
  2016年8.2高分冒险动画《久保与二弦琴》BD中英双字幕
https://www.dytt8.com/html/gndy/dyzz/20161113/52497.html
2016年汤姆·汉克斯高分获奖《萨利机长》BD中英双字幕
https://www.dytt8.com/html/gndy/dyzz/20161204/52660.html

2016年7.9高分惊悚《夜行动物》HD英语中字
https://www.dytt8.com/html/gndy/jddy/20161223/52806.html

张曼玉黎明高分经典《甜蜜蜜》BD国语中字
https://www.dytt8.com/html/gndy/jddy/20170307/53437.html
2016年高分获奖剧情《隐藏人物》BD中英双字幕
https://www.dytt8.com/html/gndy/dyzz/20170327/53574.html

2016年高分获奖纪录动画《校塔枪击案》BD中英双字幕
https://www.dytt8.com/html/gndy/jddy/20170329/53588.html
2016年高分剧情《完美陌生人/完美谎情》BD中文字幕
https://www.dytt8.com/html/gndy/dyzz/20170403/53631.html
2016年高分悬疑《看不见的客人/布局》BD中文字幕
https://www.dytt8.com/html/gndy/dyzz/20170404/53653.html
2016年高分惊悚恐怖《分裂》BD中英双字幕
https://www.dytt8.com/html/gndy/dyzz/20170406/53677.html
2016年高分动作《终极斗士4》BD中英双字幕
https://www.dytt8.com/html/gndy/dyzz/20170411/53717.html
2016年高分剧情《比海更深》BD日语中字
https://www.dytt8.com/html/gndy/dyzz/20170412/53728.html
  2015高分获奖《竞速灭绝》BD中英双字幕
https://www.dytt8.com/html/gndy/jddy/20170417/53758.html
   
纪录片
13 9.7 2016 地球脉动 第二季/行星地球 第二季/我们的地球 第二季/地球无限 第二季 Planet Earth Season 2 2016年高分纪录片《地球脉动2/行星地球2》BD中英双字幕
https://www.dytt8.com/html/gndy/dyzz/20161217/52767.html
14 8.2 2015 马龙，听我说 Listen to Me Marlon 2015年8.2分纪录《马龙，听我说》BD中英双字幕
https://www.dytt8.com/html/gndy/jddy/20160424/50815.html
15 8.2 2015 竞速灭绝/竞相灭绝/灭绝最后关头 Racing Extinction 2015高分获奖《竞速灭绝》BD中英双字幕
https://www.dytt8.com/html/gndy/jddy/20170417/53758.html

2 9.2 1972 教父 The Godfather 美国动作大片《教父》BD-R中英双字幕(高清晰版)
https://www.dytt8.com/html/gndy/jddy/20080920/14285.html

3 9.0 2008 蝙蝠侠6：黑暗骑士/蝙蝠侠前传2：黑暗骑士/蝙蝠侠前传2 The Dark Knight 高分大片《蝙蝠侠前传2：黑暗骑士》BD中英双字幕1024分辨率
https://www.dytt8.com/html/gndy/jddy/20081122/15525.html

4 9.0 1974 教父2 The Godfather Part II 高分大片《教父2》BD中英双字1024分辨率
https://www.dytt8.com/html/gndy/jddy/20081026/14981.html

5 8.9 2003 魔戒3：王者归来 特别加长版 The Lord Of The Rings The Return Of The King EE 1024分辨率《魔戒3：王者归来 特别加长版》BD中英双字幕
https://www.dytt8.com/html/gndy/jddy/20090313/17462.html

6 8.9 1999 搏击俱乐部/搏击会/斗阵俱乐部/格斗俱乐部 Fight Club 高清大片《搏击俱乐部》BD中英双字1024分辨率
https://www.dytt8.com/html/gndy/jddy/20081226/16179.html

7 8.9 1966 镖客三部曲3：黄金三镖客/黄金三镖客/独行侠勇破地狱门/黄昏三镖客/善恶丑 The Good The Bad And The Ugly 1024分辨率《黄金三镖客》BD中英双字无水印
https://www.dytt8.com/html/gndy/jddy/20100603/26326.html

8 8.9 1994 低俗小说/黑色追缉令/危险人物 Pulp Fiction 高分大片《低俗小说/黑色追缉令》BD中英双字1024分辨率
https://www.dytt8.com/html/gndy/jddy/20081119/15464.html

9 8.8 2010 盗梦空间/全面启动/潜行凶间 Inception 1024分辨率《盗梦空间》BD中英双字无水印
https://www.dytt8.net/html/gndy/dyzz/20101116/29324.html

10 8.8 2001 魔戒1：魔戒现身 特别加长版 The Lord Of The Rings The Fellowship Of the Ring EE 经典动作大片《魔戒1：魔戒现身加长版》DVD中英双字
https://www.dytt8.com/html/gndy/jddy/20080929/14459.html

11 8.8 1994 阿甘正传 Forrest Gump 1024分辨率/汤姆·汉克斯《阿甘正传》HD中英双字
https://www.dytt8.com/html/gndy/jddy/20090819/21055.html

12 8.8 1980 星球大战：帝国反击战 Star Wars: Episode V - The Empire Strikes Back 美国经典动作大片《星球大战：帝国反击战击》HDTV中英双字
https://www.dytt8.com/html/gndy/jddy/20081203/15731.html

13 8.7 2015 误杀瞒天记/视觉/瞒天过海 Drishyam 2015年8.8高分动作《误杀瞒天记》BD中英双字幕
https://www.dytt8.net/html/gndy/dyzz/20160127/50057.html

14 8.7 2013 千面谍I/无相劫 Vishwaroopam/The Jihadi Warrior 2013年动作/9.2高分《千面谍I/无相劫》720p.BD中英双字幕
https://www.dytt8.net/html/gndy/dyzz/20130601/42290.html

15 8.7 2002 魔戒2：双塔奇兵 特别加长版 The Lord Of The Rings The Two Towers EE 1024分辨率《魔戒2：双塔奇兵 特别加长版》BD中英双字幕
https://www.dytt8.com/html/gndy/jddy/20090313/17461.html

16 8.7 2002 上帝之城/无主之城/天主之城/无法无天 Cidade de Deus/City o
f God 1024分辨率《上帝之城》BD中英双字
https://www.dytt8.com/html/gndy/jddy/20091023/22442.html
17 8.7 1999 黑客帝国 The Matrix 经典动作大片《黑客帝国》DVD中英双字
https://www.dytt8.com/html/gndy/jddy/20081022/14910.html

18 8.7 1990 好家伙/盗亦有道/盗亦有盗 Goodfellas 1024分辨率《好家伙/盗亦有道》BD中英双字无水印
https://www.dytt8.com/html/gndy/jddy/20100210/24470.html

19 8.7 1975 飞越疯人院/飞越杜鹃 One Flew Over the Cuckoo's Nest  上亿票房奥斯卡六项大奖《飞越疯人院》DVD中字
https://www.dytt8.com/html/gndy/jddy/20080804/13360.html

20 8.6 2015 巴霍巴利王(上)/巴霍巴利王：开端/巴霍巴利王：创始之初(台) Baahubali: The Beginning 2015年高分动作《巴霍巴利王(上)》BD中英双字幕
https://www.dytt8.net/html/gndy/dyzz/20151103/49413.html

21 8.6 2015 神秘博士：瑞芙·桑恩的丈夫们/神秘博士：2015圣诞特别篇 Doctor Who: The Husbands of River Song  2015年科幻《神秘博士：2015圣诞特别篇》BD中英双字幕 https://www.dytt8.net/html/gndy/jddy/20160122/50021.html

22 8.6 2014 星际穿越/星际启示录(港)/星际效应(台)/星际空间/星际远航 Interstellar 2014年高分获奖科幻《星际穿越》BD中英双字幕
https://www.dytt8.net/html/gndy/dyzz/20150316/47614.html

23 8.6 2001 千与千寻/神隐少女(台) Spirited Away 宫崎骏经典动画《千与千寻》BD国粤日三语中字
https://www.dytt8.com/html/gndy/jddy/20140702/45555.html

24 8.6 1998 美国X档案/野兽良民/美国历史档案 American History X 1024分辨率《美国X档案》BD中英双字
https://www.dytt8.com/html/gndy/jddy/20090408/17959.html

25 8.6 1998 拯救大兵瑞恩 Saving Private Ryan 拯救大兵瑞恩/抢救雷恩大兵/雷霆救兵
https://www.dytt8.com/html/gndy/jddy/20100325/25219.html

26 8.6 1997 美丽人生 Life is Beautiful 1024分辨率《美丽人生》BD中英双字无水印
https://www.dytt8.com/html/gndy/jddy/20100112/23953.html

27 8.6 1995 非常嫌疑犯 The Usual Suspects 高清大片《非常嫌疑犯》BD中英双字1024分辨率
https://www.dytt8.com/html/gndy/jddy/20081212/15902.html

28 8.6 1995 七宗罪 Se7en 1024分辨率《七宗罪》BD中英双字
https://www.dytt8.com/html/gndy/dyzz/20090311/17427.html

29 8.6 1994 这个杀手不太冷/杀手里昂 Leon 1024分辨率/高分经典《这个杀手不太冷》BD中英双字
https://www.dytt8.com/html/gndy/jddy/20090808/20832.html

30 8.6 1991 沉默的羔羊 The Silence of the Lambs 美国高分经典惊悚片《沉默的羔羊》BD-RMVB中英双字1024分辨率
https://www.dytt8.com/html/gndy/jddy/20090301/17255.html

31 8.6 1968 西部往事/狂沙十万里/万里狂沙万里愁 Once Upon a Time in the West 1024分辨率《西部往事/狂沙十万里》BD中英双字无水印
https://www.dytt8.com/html/gndy/jddy/20110716/33245.html

32 8.5 2014 爆裂鼓手/鞭打/鼓动真我(港)/鼓动人生(台)/进击的鼓手(台)  Whiplash 2014年8.6高分获奖剧情《爆裂鼓手》BD中英双字幕
https://www.dytt8.net/html/gndy/dyzz/20150209/47339.html

33 8.5 2012 被解救的姜戈/铁血枷锁/被解放的迪亚戈/黑杀令(港)/决杀令(台) Django Unchained 2012年高分获奖动作《被解救的姜戈》720p.BD中英双字幕
https://www.dytt8.net/html/gndy/dyzz/20130328/41764.html

34 8.5 2012 蝙蝠侠：黑暗骑士崛起/蝙蝠侠前传3/蝙蝠侠：夜神起义(港)/黑暗骑士：黎明升起(台) The Dark Knight Rises 2012年动作《蝙蝠侠：黑暗骑士崛起》720p.BD中英双字幕 https://www.dytt8.net/html/gndy/dyzz/20121116/40220.html
35 8.5 2006 无间行者 The Departed 07最新奥斯卡动作大片《无间行者》DVD中字
https://www.dytt8.com/html/gndy/dyzz/20070522/2298.html
36 8.5 2006 窃听风暴/他人的生活/窃听者 Leben der Anderen, Das/The Lives of Others 1024分辨率《窃听风暴》BD中英双字
https://www.dytt8.com/html/gndy/jddy/20090624/19835.html

37 8.5 2006 致命魔术/顶尖对决 The Prestige 1024分辨率《致命魔术/顶尖对决》BD中英双字
https://www.dytt8.com/html/gndy/jddy/20090403/17842.html

38 8.5 2002 钢琴家/战地琴人/钢琴战曲/钢琴恋曲 The Pianist 1024分辨率《钢琴家/战地琴人》BD中英双字
https://www.dytt8.com/html/gndy/jddy/20090817/21005.html

39 8.5 2000 角斗士 Gladiator Extended Edition 高分大片《角斗士》HD中英双字幕1024分辨率
https://www.dytt8.com/html/gndy/jddy/20081124/15562.html

40 8.5 2000 记忆碎片/失忆/凶心人 Memento 1024分辨率《记忆碎片/失忆》BD中英双字幕
https://www.dytt8.com/html/gndy/jddy/20090208/16912.html

41 8.5 1999 绿里奇迹/绿色奇迹/绿里/绿地 The Green Mile 1024分辨率《绿里奇迹/绿色奇迹》BD中英双字
https://www.dytt8.com/html/gndy/jddy/20091027/22522.html

42 8.5 1994 狮子王 The Lion King 1024分辨率《狮子王3部曲》英国粤三语 BD中字
https://www.dytt8.com/html/gndy/jddy/20111028/34854.html

43 8.5 1991 终结者2:审判日 Terminator 2 Judgment Day 高分大片《终结者2:审判日》BD中英双字1024分辨率收藏版
https://www.dytt8.com/html/gndy/jddy/20081031/15103.html

44 8.5 1988 天堂电影院/星光伴我心/新天堂乐园 Cinema Paradiso 1024分辨率《天堂电影院/星光伴我心》BD中英双字无水印
https://www.dytt8.com/html/gndy/jddy/20100821/27696.html

45 8.5 1985 回到未来 Back to the Future 1024分辨率《回到未来1+2》HD中英双字
https://www.dytt8.com/html/gndy/jddy/20090714/20292.html

46 8.5 1981 夺宝奇兵：法柜奇兵 Raiders Of The Lost Ark 高清大片《夺宝奇兵1》BD中英双字1024分辨率
https://www.dytt8.com/html/gndy/jddy/20081225/16159.html

47 8.5 1979 异形 Alien 1024分辨率《异形》HD中英双字
https://www.dytt8.com/html/gndy/jddy/20091016/22266.html

48 8.5 1979 现代启示录重映版 Apocalypse Now 高分大片《现代启示录重映版》HD中英双字1024分辨率
https://www.dytt8.com/html/gndy/jddy/20081206/15795.html

49 8.4 2014 女皇/女王旅途/小失恋·大漫游(港) Queen 2014年高分喜剧《女皇/女王旅途》720p.BD中英双字幕
https://www.dytt8.net/html/gndy/dyzz/20140515/45167.html

50 8.4 2013 蝙蝠侠：黑暗骑士归来（下） Batman The Dark Knight Returns Part 2 2013年最新《蝙蝠侠：黑暗骑士归来（下）》720p.BD中英双字幕
https://www.dytt8.net/html/gndy/dyzz/20130130/41264.html

51 8.4 2010 玩具总动员3/反斗奇兵3 Toy Story 3 1024分辨率《玩具总动员3》BD中英双字无水印
https://www.dytt8.net/html/gndy/dyzz/20101015/28743.html

52 8.4 2009 三个白痴/三傻大闹宝莱坞 3 Idiots 1024分辨率《三个白痴/三傻大闹宝莱坞》BD中英双字无水印
https://www.dytt8.net/html/gndy/jddy/20101120/29382.html

53 8.4 2008 机器人总动员/大空奇兵·威E/瓦力 Wall-E 高分大片《机器人总动员》BD中英双字幕1024分辨率
https://www.dytt8.com/html/gndy/jddy/20081113/15371.html

54 8.4 2004 美丽心灵的永恒阳光 Eternal Sunshine of the Spotless Mind 1024分辨率《美丽心灵的永恒阳光》BD中英双字
https://www.dytt8.com/html/gndy/jddy/20091014/22233.html

55 8.4 2003 老男孩/原罪犯 Oldboy 1024分辨率《老男孩》BD中字无水印
https://www.dytt8.com/html/gndy/jddy/20100211/24484.html
56 8.4 2001 天使爱美丽/天使艾米莉/艾蜜莉的异想世界 Amelie 1024分辨率《天使爱美丽》BD中字无水印
https://www.dytt8.com/html/gndy/jddy/20100507/25895.html

57 8.4 2000 梦之安魂曲/梦的挽歌 Requiem For a Dream 1024分辨率《梦之安魂曲》BD中英双字
https://www.dytt8.com/html/gndy/jddy/20090822/21118.html

58 8.4 1999 美国丽人/美国美人/美丽有罪/美国心·玫瑰情 American Beauty 1024分辨率《美国丽人》BD中英双字无水印
https://www.dytt8.com/html/gndy/jddy/20100915/28176.html

59 8.4 1995 勇敢的心/惊世未了缘/梅尔吉勃逊之英雄本色/情世未了缘 Braveheart 1024分辨率《勇敢的心》BD中英双字
https://www.dytt8.com/html/gndy/jddy/20090823/21143.html

60 8.4 1992 落水狗/霸道横行 Reservoir Dogs 高分经典《落水狗》BD中英双字1024分辨率
https://www.dytt8.com/html/gndy/jddy/20081125/15590.html

61 8.4 1986 异形2/异形续集 Aliens 1024分辨率《异形2》HD中英双字无水印
https://www.dytt8.com/html/gndy/jddy/20100323/25186.html

62 8.4 1984 美国往事/四海兄弟/义薄云天 Once Upon a Time in Americ 1024分辨率《美国往事/四海兄弟》BD中英双字无水印
https://www.dytt8.com/html/gndy/jddy/20110102/30107.html#p#分页标题#e#

63 8.4 1983 星球大战6:绝地大反击/武士复仇/杰迪归来/绝地大反攻 Star Wars: Episode VI - Return of the Jedi 美国经典动作大片《星球大战：绝地大反击》HDTV中英双字 https://www.dytt8.com/html/gndy/jddy/20081203/15730.html

64 8.4 1981 从海底出击 Das Boot 火暴战争大片《从海底出击》DVD中字
https://www.dytt8.com/html/gndy/dyzz/20070524/2350.html

65 8.4 1980 闪灵/鬼店/幽光/幻觉 The Shining 1024分辨率《闪灵》BD中英双字
https://www.dytt8.com/html/gndy/jddy/20090625/19868.html
  66 8.3 2016 神探夏洛克/新世纪福尔摩斯(台)/神探夏洛克：恶劣的新娘/神探夏洛克：可恶的新娘/神探夏洛克剧场版/ 
神探夏洛克：2016新年特别篇  Sherlock: The Abominable Bride/2016年高分悬疑《神探夏洛克》BD中英双字幕
https://www.dytt8.net/html/gndy/dyzz/20160116/49977.html

67 8.3 2015 房间/不存在的房间(台)/抖室(港) Room 2015年8.3高分获奖片《房间》BD中英双字幕
https://www.dytt8.net/html/gndy/dyzz/20160217/50243.html

68 8.3 2015 头脑特工队/脑筋急转弯(台)/玩转脑朋友(港) Inside Out 2015年动画喜剧《头脑特工队》BD国英双语.中英双字
https://www.dytt8.net/html/gndy/dyzz/20151020/49310.html

69 8.3 2014 外星醉汉PK地球神/PK PK 外星醉汉PK地球神 BD中字 2014年8.6高分喜剧
https://www.dytt8.net/html/gndy/dyzz/20150129/47229.html

70 8.3 2014 冬眠/冬日苏醒 Winter Sleep 2014年高分获奖《冬眠/冬日苏醒》BD中文字幕
https://www.dytt8.net/html/gndy/dyzz/20141217/46897.html

71 8.3 2012 狩猎/捕猎/谎言的烙印/诬网 The Hunt/Jagten 2012年高分获奖《狩猎/谎言的烙印》720p.BD中英双字幕
https://www.dytt8.net/html/gndy/dyzz/20130331/41783.html

72 8.3 2012 偶滴神啊/噢，我的神啊 OMG Oh My God 2012年高分喜剧《偶滴神啊》720p.BD中英双字幕
https://www.dytt8.net/html/gndy/dyzz/20121212/40580.html

73 8.3 2012 无畏之心 Kahaan 2012最新《无畏之心》1024x576.BD中英双字幕
https://www.dytt8.net/html/gndy/dyzz/20120523/37814.html

74 8.3 2010 监守自盗 Inside Job 1024分辨率《监守自盗》BD中英双字无水印
https://www.dytt8.net/html/gndy/dyzz/20110310/31208.html

75 8.3 2009 无耻混蛋/恶棍特工/无良杂种/戴罪立功/希魔撞正杀人狂 Inglourious Basterds 1024分辨率/09战争大片《无耻混蛋/恶棍特工》BD中英双字
https://www.dytt8.net/html/gndy/dyzz/20091120/23012.html

76 8.3 2009 飞屋环游记/天外奇迹/冲天救兵 Up 1024分辨率《飞屋环游记/天外奇迹/冲天救兵》BD中英双字
https://www.dytt8.net/html/gndy/dyzz/20091023/22435.html

77 8.3 2005 蝙蝠侠：侠影之谜/蝙蝠侠：开战时刻/蝙蝠侠5/蝙蝠侠诞生/蝙蝠侠前传 Batman Begins 高清大片《蝙蝠侠前传》BD中英双字1024分辨率
https://www.dytt8.com/html/gndy/jddy/20090120/16630.html

78 8.3 2004 帝国陷落/帝国的毁灭 Der Untergang 1024分辨率《帝国陷落/帝国的毁灭》BD中英双字无水印
https://www.dytt8.com/html/gndy/jddy/20100729/27295.html

79 8.3 2000 偷拐抢骗/贪得无厌/掠夺 Snatch 1024分辨率《偷拐抢骗》BD中英双字
https://www.dytt8.com/html/gndy/jddy/20091010/22126.html

80 8.3 1997 心灵捕手/骄阳似我 Good Will Hunting 1024分辨率《心灵捕手》BD中英双字
https://www.dytt8.com/html/gndy/jddy/20090805/20766.html

81 8.3 1997 洛城机密 L.A. Confidential 1024分辨率《洛城机密》BD中英双字
https://www.dytt8.com/html/gndy/jddy/20090802/20715.html

82 8.3 1995 玩具总动员 Toy Story 1024分辨率《玩具总动员2部》HD中英双字
https://www.dytt8.com/html/gndy/jddy/20090726/20570.html

83 8.3 1995 超级无敌掌门狗：剃刀边缘/九死一生/剃刀边缘 Wallace and Gromit in A Close Shave 精彩短片《超级无敌掌门狗：剃刀边缘》BD中字
https://www.dytt8.net/html/gndy/jddy/20090921/21732.html

84 8.3 1992 不可饶恕/杀无赦/豪情盖天 Unforgiven 1024分辨率《不可饶恕》BD中英双字
https://www.dytt8.com/html/gndy/jddy/20090811/20892.html

85 8.3 1989 夺宝奇兵3:圣战奇兵 Indiana Jones and the Last Crusade 高清大片《夺宝奇兵3》BD中英双字1024分辨率
https://www.dytt8.com/html/gndy/jddy/20081225/16158.html

86 8.3 1987 全金属外壳 Full Metal Jacket 高分大片《全金属外壳》BD中英双字幕1024分辨率收藏版
https://www.dytt8.com/html/gndy/jddy/20081101/15126.html

87 8.3 1976 出租车司机/计程车司机/的士司机 Taxi Driver 1024分辨率《出租车司机》BD中英双字无水印
https://www.dytt8.com/html/gndy/jddy/20110418/31829.html

88 8.3 1974 唐人街 Chinatown 超高评分获多奖项经典大片《唐人街》DVD中字
https://www.dytt8.com/html/gndy/jddy/20071204/7900.html

89 8.3 1973 骗中骗/刺激/老千计状元才 The Sting 1024分辨率/Top 250:#95《骗中骗》BD中英双字
https://www.dytt8.com/html/gndy/jddy/20090408/17963.html

90 8.3 1968 2001太空漫游 2001 A Space Odyssey 高分经典科幻《2001太空漫游》BD中英双字幕
https://www.dytt8.com/html/gndy/jddy/20151214/49755.html

91 8.3 1965 镖客三部曲2：黄昏双镖客/独行侠江湖伏霸/为钱卖命 For a Few Dollars More 1024分辨率《黄昏双镖客》BD中英双字无水印
https://www.dytt8.com/html/gndy/jddy/20100603/26325.html

92 8.3 1959 热情似火/热情如火 Some Like It Hot 玛丽莲·梦露《热情似火》1024x620 国英双语中字
https://www.dytt8.com/html/gndy/jddy/20110516/32288.html

93 8.2 2015 猴神老哥/娃娃返乡任务(台)/小萝莉的猴神大叔 Bajrangi Bhaijaan 2015年动作《猴神老哥》BD中英双字幕
https://www.dytt8.net/html/gndy/jddy/20151206/49674.html

94 8.2 2015 宝贝/宝贝计划 Baby 2015年惊悚动作《宝贝计划》BD中英双字幕
https://www.dytt8.net/html/gndy/jddy/20150514/48070.html

95 8.2 2015 疯狂的麦克斯：狂暴之路/冲锋飞车队4/疯狂的麦克斯4/疯狂的麦克斯4：狂暴之路/末日先锋：战甲飞车(港)/
疯狂麦斯：愤怒道(台) Mad Max: Fury Road 2015年动作《疯狂的麦克斯：狂暴之路》BD中英双字幕
https://www.dytt8.net/html/gndy/dyzz/20150817/48791.html
  96 8.2 2015 聚焦/焦点追击(港) Spotlight 2015年8.2高分《聚焦/焦点追击》BD中英双字幕
https://www.dytt8.net/html/gndy/dyzz/20160203/50116.html

97 8.2 2014 海洋之歌 Song of the Sea 2014年高分动画《海洋之歌》BD中英双字幕
https://www.dytt8.net/html/gndy/dyzz/20150318/47626.html

98 8.2 2013 极速风流/冲刺/竞速风流/决战终点线(台)/一级双雄(港) Rush 2013年高分获奖《极速风流》720p.BD中英双字幕
https://www.dytt8.net/html/gndy/dyzz/20140101/44030.html

99 8.2 2012 寻找小糖人 Searching For Sugar Man 2012年奥斯卡获奖《寻找小糖人》720p.BD中英双字幕
https://www.dytt8.net/html/gndy/dyzz/20130328/41756.html

100 8.2 2012 巴菲的奇妙命运/甜点少年/甜点先生 Barfi!  2012年高分喜剧《巴菲的奇妙命运》720p.BD中英双字幕
https://www.dytt8.net/html/gndy/dyzz/20130316/41690.html

101 8.2 2011 勇士/武士/勇者无敌(台 Warrior 1024分辨率《勇士/武士/勇者无敌》BD中英双字
https://www.dytt8.net/html/gndy/dyzz/20111221/35650.html

102 8.2 2010 焦土之城/焦头烂额/烈火焚身(台)/母亲的告白(港)/烈火焚城/中东的希腊悲剧 Incendies  1024分辨率《焦土之城/烈火焚身》BD中字
https://www.dytt8.net/html/gndy/dyzz/20110909/34099.html

103 8.2 2010 驯龙高手/驯龙记/驯龙 How To Train Your Dragon 1024分辨率《驯龙高手/驯龙记》BD中英双字无水印
https://www.dytt8.net/html/gndy/dyzz/20101003/28534.html

104 8.2 2009 忠犬八公的故事 Hachiko A Dogs Tale 1024分辨率《忠犬八公的故事》BD中英双字无水印
https://www.dytt8.net/html/gndy/dyzz/20100302/24788.html

105 8.2 2009 谜一样的双眼 The Secret In Their Eyes 09最新高分片《谜一样的双眼》DVD中英双字
https://www.dytt8.net/html/gndy/dyzz/20100203/24339.html

106 8.2 2009 玛丽和马克思 Mary and Max 1024分辨率《玛丽和马克思》BD中英双字
https://www.dytt8.net/html/gndy/dyzz/20091115/22915.html

107 8.2 2008 老爷车/经典老爷车/驱逐 Gran Torino 09大片1024分辨率《老爷车/驱逐》BD中英双字
https://www.dytt8.com/html/gndy/dyzz/20090601/19246.html

108 8.2 2007 荒野生存 Into The Wild 07最新冒险大片《荒野生存》DVD中字
https://www.dytt8.com/html/gndy/dyzz/20080208/9765.html

109 8.2 2006 潘神的迷宫 Laberinto del fauno, El 1024分辨率《潘神的迷宫》BD中英双字无水印
https://www.dytt8.com/html/gndy/jddy/20100127/24225.html

110 8.2 2005 V怪客/V字仇杀队/V字特攻队 V for Vendetta 1024分辨率《V字仇杀队》BD中英双字无水印
https://www.dytt8.com/html/gndy/jddy/20100210/24464.html

111 8.2 2004 哈尔的移动城堡/呼啸山城/霍尔的移动城堡/豪尔的机动城堡 Howl's Moving Castle 1024分辨率《哈尔的移动城堡》BD国粤日三语中字
https://www.dytt8.com/html/gndy/jddy/20111202/35360.html

112 8.2 1998 谋杀绿脚趾/大保龄离奇绑架(港)/了不起的勒布斯基/大人物勒布斯基/勒布斯基老大 The Big Lebowski 1024分辨率《谋杀绿脚趾》BD中英双字无水印
https://www.dytt8.com/html/gndy/jddy/20100817/27633.html

113 8.2 1998 两杆大烟枪/两杆老烟枪/两根枪管/够僵四小强 Lock, Stock and Two Smoking Barrels 1024分辨率《两杆大烟枪》BD中英双字
https://www.dytt8.com/html/gndy/jddy/20091119/22986.html

114 8.2 1996 猜火车/迷幻列车 Trainspotting 高分经典大片《猜火车》DVD中英双字幕
https://www.dytt8.com/html/gndy/jddy/20081228/16219.html

115 8.2 1995 赌城风云 Casino 1024分辨率《赌城风云》BD中英双字
https://www.dytt8.com/html/gndy/jddy/20091007/22075.html

116 8.2 1995 盗火线/烈火悍将/穷追不舍/狂热/热力 Heat 1024分辨率《盗火线/烈火悍将》BD中英双字
https://www.dytt8.com/html/gndy/jddy/20091028/22537.html

117 8.2 1988 萤火虫之墓/再见萤火虫 Tombstone for Fireflies 高畑勋经典名作《萤火虫之墓》国粤日三语BD中文字幕
https://www.dytt8.com/html/gndy/jddy/20120726/38729.html

118 8.2 1988 虎胆龙威/终极警探 Die Hard 高清大片《虎胆龙威/终极警探》BD中英双字1024分辨率
https://www.dytt8.com/html/gndy/jddy/20081220/16057.html

119 8.2 1982 银翼杀手 Blade Runner 1024分辨率《银翼杀手》BD中英双字无水印
https://www.dytt8.com/html/gndy/jddy/20100410/25493.html

120 8.2 1982 怪形/突变第三型 The Thing 经典科幻大片《怪形/突变第三型》BD中英双字幕
https://www.dytt8.com/html/gndy/jddy/20090114/16513.html

121 8.2 1978 猎鹿人 The Deer Hunter 1024分辨率《猎鹿人》BD中英双字无水印
https://www.dytt8.com/html/gndy/jddy/20100719/27122.html

122 8.1 2015 火星救援/火星任务(港)/绝地救援(台)/火星人 The Martian 2015年高分科幻《火星救援》BD国英双语.中英双字幕
https://www.dytt8.net/html/gndy/dyzz/20160105/49890.html

123 8.1 2014 重拾人生 Coming Soon / Pek Yakinda 2014年8.1高分喜剧《重拾人生》BD中文字幕
https://www.dytt8.net/html/gndy/dyzz/20150616/48321.html

124 8.1 2014 蛮荒故事/生命中最抓狂的小事(台)/无定向丧心病狂(港) Relatos salvajes/Wild Tales 2014年高分获奖喜剧《蛮荒故事》BD中英双字幕
https://www.dytt8.net/html/gndy/dyzz/20150314/47600.html

125 8.1 2014 消失的爱人/失踪罪(港)/控制(台) Gone Girl 2014年高分获奖《消失的爱人》BD中英双字幕
https://www.dytt8.net/html/gndy/dyzz/20141221/46922.html#p#分页标题#e#

126 8.1 2014 银河护卫队/银河守护队(港)/星际异攻队(台) Guardians of the Galaxy 2014年高分科幻动作《银河护卫队》BD中英双字幕
https://www.dytt8.net/html/gndy/dyzz/20141116/46654.html

127 8.1 2014 模仿游戏/解码游戏(台) The Imitation Game 模仿游戏BD中英双字  2014年高分获奖大片
https://www.dytt8.net/html/gndy/dyzz/20150305/47526.html

128 8.1 2014 布达佩斯大饭店/布达佩斯大酒店(港)/欢迎来到布达佩斯大饭店(台)
The Grand Budapest Hotel 2014年高分获奖喜剧《布达佩斯大饭店》720p.BD中英双字幕
https://www.dytt8.net/html/gndy/dyzz/20140606/45339.html

129 8.1 2013 为奴十二年/黑奴十二年/为奴十二载 12 Years A Slave 2013年高分获奖大片《为奴十二年》720p.BD中英双字幕
https://www.dytt8.net/html/gndy/dyzz/20140222/44475.html
  130 8.1 2013 囚徒/俘虏/私法争锋(台)/罪迷宫(港)  Prisoners/Vangid/Zatvorenici 2013年高分惊悚《囚徒/私法争锋》720p.BD中英双字幕
https://www.dytt8.net/html/gndy/dyzz/20140115/44190.html

131 8.1 2012 复仇者联盟/复仇者 The Avengers 2012年高分科幻动作《复仇者联盟》720p.BD中英双字幕
https://www.dytt8.net/html/gndy/dyzz/20120821/39083.html

132 8.1 2012 血仇/海菲茨和麦考伊斯 Hatfields & McCoys 2012最新历史频道收视纪录《血仇》720p.BD中英双字幕
https://www.dytt8.net/html/gndy/dyzz/20120808/38906.html

133 8.1 2011 潇洒走一回/人无二命/人生不再重来 Zindagi Na Milegi Dobara 1024分辨率《潇洒走一回/人无二命》BD中字
https://www.dytt8.net/html/gndy/dyzz/20111211/35500.html

134 8.1 2011 帮助/相助/女仆/写出友共鸣(港)/姊妹(台) The Help 1024分辨率《帮助/相助/女仆》BD中英双字
https://www.dytt8.net/html/gndy/dyzz/20111129/35314.html

135 8.1 2011 哈利·波特与死亡圣器(下)/哈利·波特与死圣(下)/哈利波特：死神的圣物2/哈7（下）
Harry Potter And The Deathly Hallows Part 2 1024分辨率《哈利·波特与死亡圣器(下)》BD+DVD中英双字
https://www.dytt8.net/html/gndy/dyzz/20111027/34832.html
136 8.1 2010 精英部队2/精锐部队2 Elite Squad 2 1024分辨率《精英部队2/精锐部队2》BD中字无水印
https://www.dytt8.net/html/gndy/dyzz/20110309/31197.html

137 8.1 2010 禁闭岛/关门岛/孤岛疑云/艾什克里夫 Shutter Island 1024分辨率/美版《禁闭岛》BD中英双字无水印
https://www.dytt8.net/html/gndy/dyzz/20100518/26055.html

138 8.1 2007 血色将至/血色黑金/黑金企业/黑金风云 There Will Be Blood 1024分辨率《血色将至/血色黑金》BD中英双字无水印
https://www.dytt8.com/html/gndy/jddy/20100720/27134.html

139 8.1 2007 老无所依/老人无处活 No Country for Old Men 1024分辨率《老无所依》BD中英双字
https://www.dytt8.com/html/gndy/jddy/20091010/22150.html

140 8.1 2007 谍影重重3 The Bourne Ultimatum 高清大片《谍影重重3》BD中英双字1024分辨率
https://www.dytt8.com/html/gndy/jddy/20081230/16249.html

141 8.1 2007 精英部队/精锐部队 Tropa de Elite 1024分辨率《精英部队/精锐部队》BD中字
https://www.dytt8.net/html/gndy/jddy/20090605/19350.html

142 8.1 2005 罪恶之城/万恶城市/罪恶城/原罪之城/罪恶都市 Sin City 1024分辨率《罪恶之城(重剪辑加长版)》BD中英双字
https://www.dytt8.com/html/gndy/jddy/20091019/22336.html

143 8.1 2004 卢旺达饭店/卢旺达酒店/卢安达饭店 Hotel Rwanda 1024分辨率《卢旺达饭店》BD中英双字无水印
https://www.dytt8.com/html/gndy/jddy/20101219/29892.html

144 8.1 2004 百万美元宝贝/百万宝贝/百万金婴/登峰造击 Million Dollar Baby 1024分辨率《百万宝贝》BD中英双字无水印
https://www.dytt8.com/html/gndy/jddy/20100418/25603.html

145 8.1 2003 杀死比尔 Kill Bill Vol 1 1.8亿票房《杀死比尔》BD-R中英双字（高清晰版）
https://www.dytt8.com/html/gndy/jddy/20080926/14407.html

146 8.1 2003 海底总动员/寻找尼莫/海底奇兵 Finding Nemo 1024分辨率《海底总动员》HD中英双字
https://www.dytt8.com/html/gndy/jddy/20090805/20765.html

147 8.1 2001 死亡幻觉/怵目惊魂28天 Donnie Darko 高分经典大片《死亡幻觉导演剪辑版》DVD中英双字
https://www.dytt8.com/html/gndy/jddy/20090216/17048.html

148 8.1 2000 爱情是狗娘/人、爱、狗/狗男女的爱 Amores perros 1024分辨率《爱情是狗娘》BD中英双字无水印
https://www.dytt8.com/html/gndy/jddy/20101105/29139.html

149 8.1 1999 灵异第六感/第六感/鬼眼 The Sixth Sense 1024分辨率《灵异第六感》BD中英双字
https://www.dytt8.com/html/gndy/jddy/20090731/20679.html

150 8.1 1995 12只猴子/十二只猴子/未来总动员/12猴子 Twelve Monkeys 1024分辨率《12只猴子/未来总动员》BD中英双字无水印
https://www.dytt8.com/html/gndy/jddy/20100409/25466.html

151 8.1 1995 怒火青春/仇恨/恨 La haine 1024分辨率《怒火青春/仇恨》BD中英双字
https://www.dytt8.net/html/gndy/jddy/20091021/22389.html

152 8.1 1993 偷天情缘 Groundhog Day 精彩爆笑喜剧大片《偷天情缘》DVD中字
https://www.dytt8.com/html/gndy/dyzz/20070730/4443.html

153 8.1 1987 公主新娘 The Princess Bride 经典高评分冒险奇幻大片《公主新娘》DVD中字
https://www.dytt8.com/html/gndy/dyzz/20070623/3302.html

154 8.1 1986 野战排/杀戮战场/前进高棉 Platoon 1024分辨率《野战排/杀戮战场》BD中英双字
https://www.dytt8.com/html/gndy/jddy/20090820/21076.html

155 8.1 1986 站在我这边/伴我同行 Stand By Me 1024分辨率《伴我同行》BD中字无水印
https://www.dytt8.com/html/gndy/jddy/20100212/24497.html

156 8.1 1984 终结者 The Terminator 高分大片《终结者》BD中英双字幕1024分辨率收藏版
https://www.dytt8.com/html/gndy/jddy/20081103/15155.html

157 8.1 1975 大白鲨 Jaws 4.7亿票房影史经典大片《大白鲨》DVD中字
https://www.dytt8.com/html/gndy/jddy/20080827/13781.html

158 8.0 2015 第二个妈妈/我的兼差妈咪(台) Que Horas Ela Volta? 2015年8.0高分剧情《第二个妈妈》BD中英双字幕
https://www.dytt8.net/html/gndy/dyzz/20160309/50432.html

159 8.0 2015 八恶人/冰天血地8恶人(港)/八惡人(台) The Hateful Eight 2015年昆汀高分获奖《八恶人》BD中英双字幕
https://www.dytt8.net/html/gndy/dyzz/20160306/50397.html

160 8.0 2014 少年时代/少年12年/年少时代(台) Boyhood/The 12-Year Movie 2014年8.5高分剧情《少年时代》BD中英双字幕
https://www.dytt8.net/html/gndy/dyzz/20141123/46700.html

161 8.0 2014 X战警：逆转未来/X战警前传2/X战警：未来昔日(台)/变种特攻：未来同盟战(港) 
X-Men: Days of Future Past 2014年动作《X战警：逆转未来》国英双语.BD中英双字幕
https://www.dytt8.net/html/gndy/dyzz/20141008/46351.html

162 8.0 2014 平常的心/平常心/常人之心(台)  The Normal Heart 2014年多明星高分剧情《平常的心/平常心》BD中英双字幕
https://www.dytt8.net/html/gndy/dyzz/20140819/45924.html

163 8.0 2014 突袭2：暴徒/全面突袭2：拳力进击/突击死亡塔2：黑金任务 The Raid 2: Berandal 2014年8.8高分动作《突袭2：暴徒》720p.BD中英双字幕
https://www.dytt8.net/html/gndy/dyzz/20140622/45467.html

164 8.0 2014 突袭2：暴徒/全面突袭2：拳力进击/突击死亡塔2：黑金任务 The Raid 2: Berandal 2014年8.8高分动作《突袭2：暴徒》720p.BD中英双字幕
https://www.dytt8.net/html/gndy/dyzz/20140622/45467.html

165 8.0 2013 她/云端情人(台)/触不到的她(港) Her 2013年高分获奖《她/云端情人》720p.BD中英双字幕
https://www.dytt8.net/html/gndy/dyzz/20140428/45007.html

166 8.0 2013 达拉斯买家俱乐部/续命枭雄(港) Dallas Buyers Club 2013年高分获奖《达拉斯买家俱乐部》720p.BD中英双字幕
https://www.dytt8.net/html/gndy/dyzz/20140125/44258.html

167 8.0 2013 少年收容所/社工的梦魇与爱情 Short Term 12 2013年高分获奖《少年收容所》720p.BD中英双字幕
https://www.dytt8.net/html/gndy/dyzz/20140113/44178.html

168 8.0 2012 少年派的奇幻漂流/少年Pi的奇幻漂流 Life of Pi 2012年获奖大片《少年派的奇幻漂流》720p.BD中英双字幕
https://www.dytt8.net/html/gndy/dyzz/20130301/41552.html

169 8.0 2012 壁花少年/少年自读日记(港)/壁花男孩(台)/壁花之巅 The Perks of Being a Wallflower
The Perks of Being a Wallflower 2012年高分大片《壁花少年》720p.BD中英双字幕
https://www.dytt8.net/html/gndy/dyzz/20130201/41306.html
170 8.0 2012 苍蝇侠/功夫小蝇 Eega 2012年科幻喜剧《功夫小蝇/苍蝇侠》720p.BD中英双字幕
https://www.dytt8.net/html/gndy/dyzz/20121206/40502.html

171 8.0 2010 国王的演讲 The Kings Speech 1024分辨率/奥斯卡多奖项《国王的演讲》BD中英双字无水印
https://www.dytt8.net/html/gndy/dyzz/20110324/31443.html

172 8.0 2010 黑天鹅 Black Swan 1024分辨率《黑天鹅》BD中英双字无水印
https://www.dytt8.net/html/gndy/dyzz/20110306/31133.html

173 8.0 2010 红帽兜下的蝙蝠侠/蝙蝠侠：决战红帽火魔 Batman Under the Red Hood 1024分辨率《蝙蝠侠：决战红帽火魔》BD中英双字无水印
https://www.dytt8.net/html/gndy/dyzz/20100803/27384.html

174 8.0 2009 月球/2009月球漫游 Moon 1024分辨率/09高分大片《月球》BD中英双字
https://www.dytt8.net/html/gndy/dyzz/20091117/22947.html

175 8.0 2009 第九区/D-9异形禁区/第九禁区 District 9 1024分辨率《第九区》BD修正中英双字
https://www.dytt8.net/html/gndy/dyzz/20091114/22894.html

176 8.0 2009 星舰迷航/星际旅行/星际旅行11/星际争霸战 Star Trek 09新片1024分辨率《星际迷航/星际旅行11》BD中英双字
https://www.dytt8.net/html/gndy/dyzz/20091003/21995.html

177 8.0 2008 杀手没有假期/在布鲁日 In Bruges 1024分辨率《杀手没有假期》BD中英双字无水印
https://www.dytt8.com/html/gndy/jddy/20100217/24576.html

178 8.0 2008 贫民窟的百万富翁 Slumdog Millionaire 1024分辨率《贫民窟的百万富翁》BD中英双字
https://www.dytt8.com/html/gndy/jddy/20090331/17779.html

179 8.0 2008 血色入侵/生人勿进/鬼小无猜 Let The Right One In 1024版08高分大片《生人勿进/血色入侵》BD中英双字幕
https://www.dytt8.com/html/gndy/dyzz/20090228/17240.html

180 8.0 2007 料理鼠王/蔬菜杂烩/五星级大鼠/美食总动员 Ratatouille 07最新高分爆笑大片《美食总动员》DVD中字
https://www.dytt8.com/html/gndy/dyzz/20071014/6611.html

181 8.0 2007 潜水钟与蝴蝶 The Diving Bell and the Butterfly 07最新高分感人大片《潜水钟与蝴蝶》DVD中字
https://www.dytt8.com/html/gndy/dyzz/20080224/10091.html

182 8.0 2007 这个男人来自地球 The Man From Earth 1024分辨率《这个男人来自地球》BD中英双字无水印
https://www.dytt8.net/html/gndy/jddy/20100218/24583.html

183 8.0 2006 血钻/血腥钻石 Blood Diamond 1024分辨率《血钻/血腥钻石》BD中英双字
https://www.dytt8.net/html/gndy/jddy/20090616/19622.html

184 8.0 2005 萤火虫/冲出宁静号 Serenity 1024分辨率/高分经典《冲出宁静号》BD中英双字
https://www.dytt8.net/html/gndy/jddy/20090808/20831.html

185 8.0 2005 铁拳男人/拳王之路/拳击手/灰姑娘的男人 Cinderella Man 1024分辨率/高分经典《铁拳男人》HD中英双字
https://www.dytt8.net/html/gndy/jddy/20090808/20830.html

186 8.0 2004 杀死比尔2 Kill Bill Vol 2 1.5亿票房高分动作大片《杀死比尔2》BD-R中英双字（高清晰版）
https://www.dytt8.com/html/gndy/jddy/20080926/14409.html

187 8.0 2004 幽灵公主/魔法公主/幽灵少女 Princess Mononoke/Mononoke-hime 吉卜力工作室作品《幽灵公主》720p.BD国粤日三语中字
共2页: 上一页 1 [2] 下一页

磁力链下载器：点击下载     播放软件下载：点击下载     电影下载地址2：点击进入
温馨提示：如遇迅雷无法下载可换用无限制版尝试或用磁力下载，欢迎每天来！
下载方法：安装软件后,点击即可下载,谢谢大家支持！喜欢本站,请使用Ctrl+D进行添加收藏！
点击进首发区（第一时间更新）：想第一时间下载本站的影片吗？ 下载方法:不会下载的网友先看看本站电影下载教程。",,最新电影,
2025年奇幻动作《奇怪的记忆,2025,王状 Zhuang Wang,,magnet:?xt=urn:btih:8331aaa7c5d62c264806a272daf9f22ae2d92949&dn=%e9%98%b3%e5%85%89%e7%94%b5%e5%bd%b1dygod.org.%e5%a5%87%e6%80%aa%e7%9a%84%e8%ae%b0%e5%bf%86.2025.HD.1080P.%e5%9b%bd%e8%af%ad%e4%b8%ad%e5%ad%97.mp4&tr=udp%3a%2f%2ftracker.opentrackr.org%3a1337%2fannounce&tr=udp%3a%2f%2fexodus.desync.com%3a6969%2fannounce,"◎译　　名　Strange Memories
◎片　　名　奇怪的记忆
◎年　　代　2025
◎产　　地　中国大陆
◎类　　别　奇幻/动作/喜剧
◎语　　言　普通话
◎字　　幕　中文
◎上映日期　2025-03-15(中国大陆网络)
◎片　　长　71分钟
◎导　　演　王状 Zhuang Wang
◎主　　演　吴荻 Di Wu
  　任子豪 Zihao Ren
  　秦笑 Xiao Qin
  　张章 Zhang Zhang

◎简　　介

三百多岁的隐修士尤文化与妖姬几世相识相忘。再次相遇于21世纪，妖姬却被天尊所用，并以性感御姐、居家熟女、中性冷艳三种类型接近尤文化以获其精元。 尤文化面对一生三世恋人的追杀、记忆的恢复、隐修界的大劫和他将至的百年雷劫，万般复杂的形势，他又如何从容面对，反败为胜……


奇怪的记忆.2025.HD.1080P.国语中字

磁力链下载器：点击下载     播放软件下载：点击下载     电影下载地址2：点击进入
温馨提示：如遇迅雷无法下载可换用无限制版尝试或用磁力下载，欢迎每天来！
下载方法：安装软件后,点击即可下载,谢谢大家支持！喜欢本站,请使用Ctrl+D进行添加收藏！
点击进首发区（第一时间更新）：想第一时间下载本站的影片吗？ 下载方法:不会下载的网友先看看本站电影下载教程。",https://g.imgtg.com/uploads/5829/67d4d85043d7b.jpg,最新电影,2025-03-15(中国大陆网络)
2025年动作恐怖《静默地带/丧,2025,Peter Deak Peter Deak,,magnet:?xt=urn:btih:fef09f76993b725c6d71f4155331a6780c23f1f0&dn=%e9%98%b3%e5%85%89%e7%94%b5%e5%bd%b1dygod.org.%e9%9d%99%e9%bb%98%e5%9c%b0%e5%b8%a6.2024.BD.1080P.%e4%b8%ad%e8%8b%b1%e5%8f%8c%e5%ad%97.mkv&tr=udp%3a%2f%2ftracker.opentrackr.org%3a1337%2fannounce&tr=udp%3a%2f%2fexodus.desync.com%3a6969%2fannounce,"◎译　　名　静默地带/丧尸静默区
◎片　　名　Silent Zone
◎年　　代　2025
◎产　　地　匈牙利
◎类　　别　动作/惊悚/恐怖
◎语　　言　英语
◎字　　幕　中英双字
◎上映日期　2025-03-07(美国)
◎IMDb评分  4.8/10 from 607 users
◎片　　长　119分钟
◎导　　演　Peter Deak Peter Deak
◎编　　剧　Viktor Csák Viktor Csák
  　Krisztián Illés
◎主　　演　马特·戴维尔 Matt Devere
  　卢卡·帕普 Luca Papp
  　Nikolett Barabas Nikolett Barabas
  　德克兰·汉宁根 Declan Hannigan
  　Alexis Latham Alexis Latham
  　卡蒂亚·博科尔 Katia Bokor
  　罗德里克·希尔 Roderick Hill
  　Julian Krenn Julian Krenn
  　哈里·索维克 Harry Szovik
  　Márk Palla Márk Palla
  　艾格塔·达瑙 Ágota Dunai
  　卡罗琳·博尔顿 Caroline Boulton
  　David Fox David Fox
  　安德斯·奥洛夫·格伦德伯格 Anders Olof Grundberg
  　罗伯特·杰克逊 Robert Jackson
  　Aniek Jacobs Aniek Jacobs
  　Niels Jacobs Niels Jacobs
  　Katalin Krenn Katalin Krenn

◎简　　介

在一个被僵尸肆虐的世界里，一位足智多谋的少女与她的守护者共同为生存而战，他们面对无尽的危险，同时不断挑战希望与忠诚的极限。


静默地带.2024.BD.1080P.中英双字

磁力链下载器：点击下载     播放软件下载：点击下载     电影下载地址2：点击进入
温馨提示：如遇迅雷无法下载可换用无限制版尝试或用磁力下载，欢迎每天来！
下载方法：安装软件后,点击即可下载,谢谢大家支持！喜欢本站,请使用Ctrl+D进行添加收藏！
点击进首发区（第一时间更新）：想第一时间下载本站的影片吗？ 下载方法:不会下载的网友先看看本站电影下载教程。",https://img9.doubanio.com/view/photo/l_ratio_poster/public/p2919070715.jpg,最新电影,2025-03-07(美国)
2025年动作科幻《电幻国度》B,2025,乔·罗素 Joe Russo,,magnet:?xt=urn:btih:8b8419d1abf9a65edf14534c4c3ec87fc1601e75&dn=%e9%98%b3%e5%85%89%e7%94%b5%e5%bd%b1dygod.org.%e7%94%b5%e5%b9%bb%e5%9b%bd%e5%ba%a6.2025.BD.1080P.%e4%b8%ad%e8%8b%b1%e5%8f%8c%e5%ad%97.mkv&tr=udp%3a%2f%2ftracker.opentrackr.org%3a1337%2fannounce&tr=udp%3a%2f%2fexodus.desync.com%3a6969%2fannounce,"◎译　　名　电幻国度/电力之州
◎片　　名　The Electric State
◎年　　代　2025
◎产　　地　美国
◎类　　别　剧情/喜剧/动作/科幻/冒险
◎语　　言　英语
◎字　　幕　中英双字
◎上映日期　2025-03-14(美国网络)
◎IMDb评分  6.0/10 from 13069 users
◎片　　长　128分钟
◎导　　演　乔·罗素 Joe Russo
  　安东尼·罗素 Anthony Russo
◎编　　剧　克里斯托弗·马库斯 Christopher Markus
  　斯蒂芬·麦克菲利 Stephen McFeely
  　西蒙·斯塔伦海格 Simon Stålenhag
◎主　　演　米莉·波比·布朗 Millie Bobby Brown
  　克里斯·帕拉特 Chris Pratt
  　关继威 Ke Huy Quan
  　杰森·亚历山大 Jason Alexander
  　伍迪·诺曼 Woody Norman
  　吉安卡罗·埃斯波西托 Giancarlo Esposito
  　斯坦利·图齐 Stanley Tucci
  　伍迪·哈里森 Woody Harrelson
  　安东尼·麦凯 Anthony Mackie
  　布莱恩·考克斯 Brian Cox
  　珍妮·斯蕾特 Jenny Slate
  　汉克·阿扎利亚 Hank Azaria
  　科尔曼·多明戈 Colman Domingo
  　艾伦·图代克 Alan Tudyk
  　德文·达尔顿 Devyn Dalton
  　泰瑞·诺塔里 Terry Notary
  　马丁·科勒巴 Martin Klebba
  　帕蒂·哈里森 Patti Harrison
  　亚当·克罗斯代尔 Adam Croasdell
  　Gabrielle Maiden Gabrielle Maiden
  　Chris Silvestri Chris Silvestri
  　布洛克·布罗姆 Brooke Bloom
  　库利·卡尔文 Cuyle Carvin
  　阿兰·波尔 Alan Boell
  　Myles Evans Myles Evans
  　安吉拉·戴维斯 Angela Davis
  　兰德尔·P·海文斯 Randall P. Havens
  　乔·罗素 Joe Russo
  　比利·鲍伯·松顿 Billy Bob Thornton
  　凯特琳·彻斯纳·亨克 Katelin Chesna Henke
  　杰西卡·卢扎 Jessica Luza
  　安娜·梅岑采娃 Anna Mezentseva
  　Ian Mcshay Ian Mcshay
  　Camille Marquez Camille Marquez
  　Aubrey Brockwell Aubrey Brockwell
  　Holly Hunter Holly Hunter
  　Roshni Edwards Roshni Edwards
  　Juan Uribe Brandi Juan Uribe Brandi
  　Ann Russo Ann Russo

◎简　　介

影片改编自同名热门绘本，背景设定在洋溢未来风格的过往年代。主人公米歇尔（米莉·波比·布朗 饰）是个失去双亲的少女，她为了寻找失散的弟弟而踏上穿越美国西部之旅，与她同行的是个可爱又神秘的机器人，以及一名古怪的流浪客（克里斯·帕拉特 饰）。


电幻国度.2024.BD.1080P.中英双字

磁力链下载器：点击下载     播放软件下载：点击下载     电影下载地址2：点击进入
温馨提示：如遇迅雷无法下载可换用无限制版尝试或用磁力下载，欢迎每天来！
下载方法：安装软件后,点击即可下载,谢谢大家支持！喜欢本站,请使用Ctrl+D进行添加收藏！
点击进首发区（第一时间更新）：想第一时间下载本站的影片吗？ 下载方法:不会下载的网友先看看本站电影下载教程。",https://img9.doubanio.com/view/photo/l_ratio_poster/public/p2918373784.jpg,最新电影,2025-03-14(美国网络)
2025年恐怖《控制狂》BD中英,2025,Shal Ngo Shal Ngo,,magnet:?xt=urn:btih:a4b739434b39ac876bf943fca37cd0adcbca276e&dn=%e9%98%b3%e5%85%89%e7%94%b5%e5%bd%b1dygod.org.%e6%8e%a7%e5%88%b6%e7%8b%82.2025.BD.1080P.%e4%b8%ad%e8%8b%b1%e5%8f%8c%e5%ad%97.mkv&tr=udp%3a%2f%2ftracker.opentrackr.org%3a1337%2fannounce&tr=udp%3a%2f%2fexodus.desync.com%3a6969%2fannounce,"◎译　　名　控制狂
◎片　　名　Control Freak
◎年　　代　2025
◎产　　地　美国
◎类　　别　恐怖
◎语　　言　英语
◎字　　幕　中英双字
◎上映日期　2025-03-13(美国网络)
◎IMDb评分  5.6/10 from 129 users
◎片　　长　104分钟
◎导　　演　Shal Ngo Shal Ngo
◎编　　剧　Shal Ngo Shal Ngo
◎主　　演　凯莉·玛丽·陈 Kelly Marie Tran
  　迈尔斯·罗宾斯 Miles Robbins
  　翘征 Kieu Chinh
  　Callie Johnson Callie Johnson
  　扎克·戈尔德 Zack Gold
  　斯科特·武田 Scott Takeda
  　Mikah Fikes Mikah Fikes
  　Justin Piaoan Justin Piaoan
  　Chelsea Parsons Chelsea Parsons
  　端·勒 Toan Le
  　Christina Pope Christina Pope
  　Apollo Bacala Apollo Bacala
  　Ian Choi Ian Choi
  　Samantha Coppola Samantha Coppola
  　Milton Saul Milton Saul
  　小斯坦利·怀特 Stanley White Jr.
  　Joshua Henry Joshua Henry
  　Nova Mai Murillo Nova Mai Murillo
  　Steven Hudson Steven Hudson
  　Vincent Dean Vincent Dean

◎简　　介

讲述了一位励志演说家感染了一种源自她家乡的神秘病毒后拼命试图阻止这种寄生生物对她身心的折磨和控制。


控制狂.2025.BD.1080P.中英双字

磁力链下载器：点击下载     播放软件下载：点击下载     电影下载地址2：点击进入
温馨提示：如遇迅雷无法下载可换用无限制版尝试或用磁力下载，欢迎每天来！
下载方法：安装软件后,点击即可下载,谢谢大家支持！喜欢本站,请使用Ctrl+D进行添加收藏！
点击进首发区（第一时间更新）：想第一时间下载本站的影片吗？ 下载方法:不会下载的网友先看看本站电影下载教程。",https://img9.doubanio.com/view/photo/l_ratio_poster/public/p2918875656.jpg,最新电影,2025-03-13(美国网络)
2025年动作喜剧《老狗/英雄无,2025,姜晓通 Xiaotong Jiang,,magnet:?xt=urn:btih:0b305a21f2c4cfc35bf2a33eaa251ac71e1b2a0f&dn=%e9%98%b3%e5%85%89%e7%94%b5%e5%bd%b1dygod.org.%e8%80%81%e7%8b%97.2025.HD.1080P.%e5%9b%bd%e8%af%ad%e4%b8%ad%e5%ad%97.mkv&tr=udp%3a%2f%2ftracker.opentrackr.org%3a1337%2fannounce&tr=udp%3a%2f%2fexodus.desync.com%3a6969%2fannounce,"◎片　　名　老狗/英雄无名
◎年　　代　2025
◎产　　地　中国大陆
◎类　　别　剧情/喜剧/动作
◎语　　言　普通话
◎字　　幕　中文
◎上映日期　2025-03-14(中国大陆网络)
◎片　　长　99分钟
◎导　　演　姜晓通 Xiaotong Jiang
◎编　　剧　韦修亮 Xiuliang Wei
◎主　　演　姜武 Wu Jiang
  　刘奕铁 Yitie Liu
  　包贝尔 Bei'er Bao
  　马苏 Su Ma
  　朱时茂 Shimao Zhu
  　胡子程 Zicheng Hu
  　刘怡潼 Yitong Liu
  　安琥 Hu An

◎简　　介

一条地下运毒链条牵扯出帮派小头目老狗（姜武 饰）、地头蛇三哥（包贝尔 饰）等人所在的地方帮派的交易网。在老狗管理的狗市里，愣头青东子（刘奕铁 饰）阴差阳错地卷入这场漩涡中，并获得老狗赏识成为其最心腹的小弟。帮派老大葛爷的离奇暴毙，让权力真空引发惨烈厮杀，几大狠人血拼上位，神秘势力暗中操 盘，然而东子的身份也似乎并不简单。在情谊和生死面前，人性赌局的考验也让事态变得越来越扑朔迷离。


老狗.2025.HD.1080P.国语中字

磁力链下载器：点击下载     播放软件下载：点击下载     电影下载地址2：点击进入
温馨提示：如遇迅雷无法下载可换用无限制版尝试或用磁力下载，欢迎每天来！
下载方法：安装软件后,点击即可下载,谢谢大家支持！喜欢本站,请使用Ctrl+D进行添加收藏！
点击进首发区（第一时间更新）：想第一时间下载本站的影片吗？ 下载方法:不会下载的网友先看看本站电影下载教程。",https://img9.doubanio.com/view/photo/l_ratio_poster/public/p2919298513.jpg,最新电影,2025-03-14(中国大陆网络)
2024年高分获奖剧情《我仍在,2024,沃尔特·塞勒斯 Walter Salles,8.0,magnet:?xt=urn:btih:20f3d1349e5a9dd6890d22589c327e69e4068365&dn=%e9%98%b3%e5%85%89%e7%94%b5%e5%bd%b1dygod.org.%e6%88%91%e4%bb%8d%e5%9c%a8%e6%ad%a4.2024.BD.1080P.%e4%b8%ad%e8%8b%b1%e5%8f%8c%e5%ad%97.mkv&tr=udp%3a%2f%2ftracker.opentrackr.org%3a1337%2fannounce&tr=udp%3a%2f%2fexodus.desync.com%3a6969%2fannounce,"◎译　　名　我仍在此/我依然在此(台)
◎片　　名　Ainda estou aqui/I'm Still Here
◎年　　代　2024
◎产　　地　巴西/法国/西班牙
◎类　　别　剧情/传记/历史
◎语　　言　葡萄牙语
◎字　　幕　中英双字
◎上映日期　2024-09-01(威尼斯电影节)/2024-09-26(平遥国际电影展)/2025(中国大陆)
◎IMDb评分  8.5/10 from 89896 users
◎豆瓣评分　8.0/10 from 2469 users
◎片　　长　136分钟
◎导　　演　沃尔特·塞勒斯 Walter Salles
◎编　　剧　穆里洛·豪瑟 Murilo Hauser
  　海托尔·洛雷加 Heitor Lorega
  　马塞洛·鲁本斯·派瓦 Marcelo Rubens Paiva
◎主　　演　费尔南达·托里斯 Fernanda Torres
  　费尔南达·蒙特内格罗 Fernanda Montenegro
  　赛尔顿·梅罗 Selton Mello
  　玛乔丽·伊斯恬诺 Marjorie Estiano
  　路易莎·科索夫斯基 Luiza Kosovski
  　Valentina Herszage Valentina Herszage
  　玛丽亚·马努拉 Maria Manoella
  　加布里埃拉·卡内罗·达库尼亚 Gabriela Carneiro da Cunha
  　Bárbara Luz Bárbara Luz
  　Cora Ramalho Cora Ramalho
  　Olívia Torres Olívia Torres
  　安东尼奥·萨博亚 Antonio Saboia
  　Guilherme Silveira Guilherme Silveira
  　梅芙·金琴丝 Maeve Jinkings
  　奥塔维奥·林哈里斯  Otávio Linhares
  　温贝托·卡劳 Humberto Carrão
  　卡米拉·马尔蒂拉 Camila Márdila
  　丹·斯蒂拉奇 Dan Stulbach
  　卡拉·里巴斯 Carla Ribas
  　Kauã Rodriguez Kauã Rodriguez
  　Maitê Padilha Maitê Padilha
  　玛丽安娜·利马 Mariana Lima
  　Pri Helena Pri Helena

◎简　　介

影片根据马塞洛·鲁本斯·派瓦撰写的同名回忆录改编，讲述了20世纪70年代初的巴西，一位母亲的家庭生活因一次偶然的暴力事件而支离破碎，她被迫重新塑造自己。
该片入围2024年威尼斯电影节主竞赛单元，并斩获最佳编剧奖。

◎获奖情况

第97届奥斯卡金像奖  (2025)
最佳影片(提名) 罗德里戈·泰谢拉 / 玛丽亚·卡洛塔·布鲁诺
最佳女主角(提名) 费尔南达·托里斯
最佳国际影片 沃尔特·塞勒斯

第81届威尼斯电影节  (2024)
主竞赛单元金狮奖(提名) 沃尔特·塞勒斯
金奥赛拉奖最佳编剧 穆里洛·豪瑟 / 海托尔·洛雷加
天主教文化奖 沃尔特·塞勒斯
绿水滴奖 沃尔特·塞勒斯

第82届金球奖  (2025)
电影类剧情片最佳女主角 费尔南达·托里斯
电影类最佳外语片(提名)

第78届英国电影学院奖  (2025)
电影奖最佳非英语片(提名) 罗德里戈·泰谢拉 / 沃尔特·塞勒斯 / 马丁·德·克莱蒙-托奈尔

第39届西班牙戈雅奖  (2025)
最佳伊比利亚美洲电影

第30届美国评论家选择电影奖  (2025)
最佳外语片(提名)

第8届平遥国际电影展  (2024)
首映单元最受欢迎影片(提名) 沃尔特·塞勒斯


我仍在此.2024.BD.1080P.中英双字

磁力链下载器：点击下载     播放软件下载：点击下载     电影下载地址2：点击进入
温馨提示：如遇迅雷无法下载可换用无限制版尝试或用磁力下载，欢迎每天来！
下载方法：安装软件后,点击即可下载,谢谢大家支持！喜欢本站,请使用Ctrl+D进行添加收藏！
点击进首发区（第一时间更新）：想第一时间下载本站的影片吗？ 下载方法:不会下载的网友先看看本站电影下载教程。",https://img9.doubanio.com/view/photo/l_ratio_poster/public/p2915498619.jpg,最新电影,2024-09-01(威尼斯电影节)/2024-09-26(平遥国际电影展)/2025(中国大陆)
2024年《四重星/成为星星的少,2024,筱原正宽 Shinohara Masahiro,,magnet:?xt=urn:btih:3aed4e4aa18bc5769c4609f45863da0d69493a99&dn=%e9%98%b3%e5%85%89%e7%94%b5%e5%bd%b1dygod.org.%e5%9b%9b%e9%87%8d%e6%98%9f.2024.BD.1080P.%e6%97%a5%e8%af%ad%e4%b8%ad%e5%ad%97.mkv&tr=udp%3a%2f%2ftracker.opentrackr.org%3a1337%2fannounce&tr=udp%3a%2f%2fexodus.desync.com%3a6969%2fannounce,"◎译　　名　四重星/成为星星的少女
◎片　　名　トラペジウム/Trapezium
◎年　　代　2024
◎产　　地　日本
◎类　　别　动画/歌舞
◎语　　言　日语
◎字　　幕　中文
◎上映日期　2024-05-10(日本)
◎IMDb评分  6.4/10 from127  users
◎导　　演　筱原正宽 Shinohara Masahiro
◎编　　剧　柿原优子 Yuuko Kakihara
  　高山一实 Kazumi Takayama
◎主　　演　结川麻希 Asaki Yuikawa
  　Haruka Aikawa
  　Syoya Kimata
  　木野日菜 Hina Kino
  　久保由利香 Yurika Kubo
  　Nandito Hidayattullah Putra
  　西野七濑 Nanase Nishino
  　Kazumi Takayama
  　内村光良 Teruyoshi Uchimura
  　上田丽奈 Reina Ueda
  　羊宫妃那 Hina Youmiya
  　木全翔也 Syoya Kimata
  　相川遥花 Aikawa Haruka

◎简　　介

以成为偶像为目标的女高中生东优羽，她在学校为自己定了四项规则——“不要使用社群网站”、“不交男朋友”、“在学校保持低调”、“和来自东西南北的美少女成为朋友”，并和她们组成4人偶像团体。


四重星.2024.BD.1080P.日语中字

磁力链下载器：点击下载     播放软件下载：点击下载     电影下载地址2：点击进入
温馨提示：如遇迅雷无法下载可换用无限制版尝试或用磁力下载，欢迎每天来！
下载方法：安装软件后,点击即可下载,谢谢大家支持！喜欢本站,请使用Ctrl+D进行添加收藏！
点击进首发区（第一时间更新）：想第一时间下载本站的影片吗？ 下载方法:不会下载的网友先看看本站电影下载教程。",https://img9.doubanio.com/view/photo/l_ratio_poster/public/p2905826478.jpg,最新电影,2024-05-10(日本)
2024年剧情音乐传记《点金之,2024,乔·斯蒂文森 Joe A. Stephenson,,magnet:?xt=urn:btih:d560eb86dabf96e8efcfcc00218e69cb9c59a5bf&dn=%e9%98%b3%e5%85%89%e7%94%b5%e5%bd%b1dygod.org.%e7%82%b9%e9%87%91%e4%b9%8b%e4%ba%ba.2024.BD.1080P.%e4%b8%ad%e8%8b%b1%e5%8f%8c%e5%ad%97.mkv&tr=udp%3a%2f%2ftracker.opentrackr.org%3a1337%2fannounce&tr=udp%3a%2f%2fexodus.desync.com%3a6969%2fannounce,"◎译　　名　点金之人/点金者/造金人
◎片　　名　Midas Man
◎年　　代　2024
◎产　　地　英国
◎类　　别　剧情/音乐/传记
◎语　　言　英语
◎字　　幕　中英双字
◎上映日期　2024-08-29(澳大利亚)/2024-10-30(英国网络)
◎IMDb评分  6.4/10 from 1408 users
◎片　　长　140分钟
◎导　　演　乔·斯蒂文森 Joe A. Stephenson
◎编　　剧　Brigit Grant Brigit Grant
  　乔纳森·韦克哈姆 Jonathan Wakeham
◎主　　演　雅各布·福琼·劳埃德 Jacob Fortune-Lloyd
  　埃迪·马森 Eddie Marsan
  　艾德·斯皮伊尔斯 Ed Speleers
  　艾米丽·沃森 Emily Watson
  　米洛·帕克 Milo Parker
  　杰·雷诺 Jay Leno
  　达茜·肖 Darci Shaw
  　比尔·米尔纳 Bill Milner
  　查理·帕尔默·罗斯韦尔 Charley Palmer Rothwell
  　詹姆斯·科里根 James Corrigan
  　Blake Richardson Blake Richardson
  　乔纳·利斯 Jonah Lees
  　Leo Harvey-Elledge Leo Harvey-Elledge
  　阿尔弗雷多·塔瓦雷斯 Alfredo Tavares
  　肖恩·费根 Shaun Fagan
  　Campbell Wallace Campbell Wallace
  　艾莉森·马丁·琼斯 Alison Martin Jones
  　Jason Redshaw Jason Redshaw
  　艾迪·伊扎德 Eddie Izzard
  　杰瑞·怀尔德 Jerry Wilder
  　卢卡斯·盖奇 Lukas Gage
  　罗希·戴 Rosie Day
  　塞林·琼斯 Celyn Jones
  　奥马里·道格拉斯 Omari Douglas
  　凯利·斯拉特 Kelly Slater

◎简　　介

1961年11月9日星期四，一个名叫布莱恩的男人走下利物浦的地窖，永远改变了世界。


点金之人.2024.BD.1080P.中英双字

磁力链下载器：点击下载     播放软件下载：点击下载     电影下载地址2：点击进入
温馨提示：如遇迅雷无法下载可换用无限制版尝试或用磁力下载，欢迎每天来！
下载方法：安装软件后,点击即可下载,谢谢大家支持！喜欢本站,请使用Ctrl+D进行添加收藏！
点击进首发区（第一时间更新）：想第一时间下载本站的影片吗？ 下载方法:不会下载的网友先看看本站电影下载教程。",https://img9.doubanio.com/view/photo/l_ratio_poster/public/p2912414937.jpg,最新电影,2024-08-29(澳大利亚)/2024-10-30(英国网络)
2025年悬疑动作《赤血营救》H,2025,姜艺声 Yisheng Jiang,,magnet:?xt=urn:btih:7a850ef83fde76d4319f0a6228bd547ce3daa7b8&dn=%e9%98%b3%e5%85%89%e7%94%b5%e5%bd%b1dygod.org.%e8%b5%a4%e8%a1%80%e8%90%a5%e6%95%91.2025.HD.1080P.%e5%9b%bd%e8%af%ad%e4%b8%ad%e5%ad%97.mkv&tr=udp%3a%2f%2ftracker.opentrackr.org%3a1337%2fannounce&tr=udp%3a%2f%2fexodus.desync.com%3a6969%2fannounce,"◎片　　名　赤血营救
◎年　　代　2025
◎产　　地　中国大陆
◎类　　别　悬疑/犯罪/动作
◎语　　言　普通话
◎字　　幕　中文
◎上映日期　2025-03-13(中国大陆网络)
◎片　　长　79分钟
◎导　　演　姜艺声 Yisheng Jiang
◎主　　演　姜艺声 Yisheng Jiang
  　邵峰 Feng Shao
  　曾晨 Chen Zeng
  　张天其 Tianqi Zhang
  　左腾云 Tengyun Zuo
  　张颖 Ying Zhang
  　樊伊 Yi Fan

◎简　　介

电影《赤血营救》讲述了江离(姜艺声饰)在女儿失踪后，独自前往异国他乡，在营救女儿的过程中，与当地拐卖人口倒卖器官的黑恶势力头目杰克(邵峰饰)斗智斗勇，并协助当地警局局长察猜(英壮饰)共同营救了众多受害儿童、消灭了该黑恶势力的故事。


赤血营救.2025.HD.1080P.国语中字

磁力链下载器：点击下载     播放软件下载：点击下载     电影下载地址2：点击进入
温馨提示：如遇迅雷无法下载可换用无限制版尝试或用磁力下载，欢迎每天来！
下载方法：安装软件后,点击即可下载,谢谢大家支持！喜欢本站,请使用Ctrl+D进行添加收藏！
点击进首发区（第一时间更新）：想第一时间下载本站的影片吗？ 下载方法:不会下载的网友先看看本站电影下载教程。",https://g.imgtg.com/uploads/5829/67d23aa5ad2d9.jpg,最新电影,2025-03-13(中国大陆网络)
2023年剧情科幻《最后的机器,2023,彼得·比登 Piotr Biedron,,magnet:?xt=urn:btih:fba848af5fd05682deb92e3f0c709a42c237436c&dn=%e9%98%b3%e5%85%89%e7%94%b5%e5%bd%b1dygod.org.%e6%9c%80%e5%90%8e%e7%9a%84%e6%9c%ba%e5%99%a8%e4%ba%ba.2023.BD.1080P.%e4%b8%ad%e5%ad%97.mkv&tr=udp%3a%2f%2ftracker.opentrackr.org%3a1337%2fannounce&tr=udp%3a%2f%2fexodus.desync.com%3a6969%2fannounce,"◎译　　名　最后的机器人/The Last Spark of Hope
◎片　　名　W nich cała nadzieja
◎年　　代　2023
◎产　　地　波兰
◎类　　别　剧情/科幻
◎语　　言　波兰语
◎字　　幕　中文
◎上映日期　2023-11-24(波兰)
◎IMDb评分  5.8/10 from 357 users
◎片　　长　88分钟
◎导　　演　彼得·比登 Piotr Biedron
◎编　　剧　Piotr Biedron Piotr Biedron
◎主　　演　亚采克·贝勒 Jacek Beler
  　Magdalena Wieczorek Magdalena Wieczorek

◎简　　介

气候战争结束后，地球上可能只剩下一个人类。她的名字叫Ewa。她与一个名叫Arthur的机器人生活在一起，这个机器人的职责是守护营地边界。有一 天，Ewa走出了营地边界。在她回来时，她说出了一个错误的密码。尽管机器人认识Ewa，但它没有让她进入营地。她被困在一小块土地上。这部电影是在一个 完全由废墟构成的地方拍摄的，这是第一部波兰后末日风格的作品，描绘了一个被气候变化摧毁的世界，同时探讨了人工智能与人类之间的界限。


最后的机器人.2023.BD.1080P.中字

磁力链下载器：点击下载     播放软件下载：点击下载     电影下载地址2：点击进入
温馨提示：如遇迅雷无法下载可换用无限制版尝试或用磁力下载，欢迎每天来！
下载方法：安装软件后,点击即可下载,谢谢大家支持！喜欢本站,请使用Ctrl+D进行添加收藏！
点击进首发区（第一时间更新）：想第一时间下载本站的影片吗？ 下载方法:不会下载的网友先看看本站电影下载教程。",https://img9.doubanio.com/view/photo/l_ratio_poster/public/p2902245331.jpg,最新电影,2023-11-24(波兰)
2023年恐怖《忌怪岛》BD日语,2023,清水崇 Takashi Shimizu,4.7,magnet:?xt=urn:btih:46c495a7ace4d5bb21ea7adefb12fe91287c3f96&dn=%e9%98%b3%e5%85%89%e7%94%b5%e5%bd%b1dygod.org.%e5%bf%8c%e6%80%aa%e5%b2%9b.2023.BD.1080P.%e6%97%a5%e8%af%ad%e4%b8%ad%e5%ad%97.mkv&tr=udp%3a%2f%2ftracker.opentrackr.org%3a1337%2fannounce&tr=udp%3a%2f%2fexodus.desync.com%3a6969%2fannounce,"◎译　　名　忌怪岛/Immersion/きかいじま
◎片　　名　忌怪島
◎年　　代　2023
◎产　　地　日本
◎类　　别　恐怖
◎语　　言　日语
◎字　　幕　中文
◎上映日期　2023-06-16(日本)
◎IMDb评分  4.6/10 from 214 users
◎豆瓣评分　4.7/10 from 1011 users
◎片　　长　109分钟
◎导　　演　清水崇 Takashi Shimizu
◎主　　演　西畑大吾 Daigo Nishihata
  　山本美月 Mizuki Yamamoto
  　生驹里奈 Rina Ikoma
  　当真亚美 Ami Touma
  　平冈祐太 Yûta Hiraoka
  　水石亚飞梦 Atomu Mizuishi
  　川添野爱 Noa Kawazoe
  　祷云母 Kilala Inori
  　大谷凜香 Rinka Otani
  　笹野高史 Takashi Sasano
  　伊藤步 Ayumi Ito
  　滩仪武 Takeshi Nadagi

◎简　　介

本片将聚焦如今颇受关注的“元宇宙世界”。VR研究小组成员一个个因为不明的原因死亡，孤岛上“红色女”的咒怨被解禁，惨剧拉开序幕。


忌怪岛.2023.BD.1080P.日语中字

磁力链下载器：点击下载     播放软件下载：点击下载     电影下载地址2：点击进入
温馨提示：如遇迅雷无法下载可换用无限制版尝试或用磁力下载，欢迎每天来！
下载方法：安装软件后,点击即可下载,谢谢大家支持！喜欢本站,请使用Ctrl+D进行添加收藏！
点击进首发区（第一时间更新）：想第一时间下载本站的影片吗？ 下载方法:不会下载的网友先看看本站电影下载教程。",https://img9.doubanio.com/view/photo/l_ratio_poster/public/p2882734405.jpg,最新电影,2023-06-16(日本)
2024年动画《猫妖小杏》BD日,2024,久野遥子 Yôko Kuno,7.2,magnet:?xt=urn:btih:68cde9bbc8916fbc8e3a5726783fc13e9a4191de&dn=%e9%98%b3%e5%85%89%e7%94%b5%e5%bd%b1dygod.org.%e7%8c%ab%e5%a6%96%e5%b0%8f%e6%9d%8f.2024.BD.1080P.%e6%97%a5%e8%af%ad%e4%b8%ad%e5%ad%97.mkv&tr=udp%3a%2f%2ftracker.opentrackr.org%3a1337%2fannounce&tr=udp%3a%2f%2fexodus.desync.com%3a6969%2fannounce,"◎译　　名　猫妖小杏/佛系猫物语(港)/Bakeneko Anzu-Chan/Ghost Cat Anzu
◎片　　名　化け猫あんずちゃん
◎年　　代　2024
◎产　　地　日本/法国
◎类　　别　动画
◎语　　言　日语
◎字　　幕　中文
◎字　　幕　中英双字
◎上映日期　2024-05-21(戛纳电影节)/2024-07-19(日本)
◎IMDb评分  6.5/10 from 648 users
◎豆瓣评分　7.2/10 from 4033 users
◎片　　长　95分钟
◎导　　演　久野遥子 Yôko Kuno
  　山下敦弘 Nobuhiro Yamashita
◎编　　剧　今冈信治 Shinji Imaoka
  　今城隆浩 Takashi Imashiro
◎主　　演　森山未来 Mirai Moriyama
  　五藤希爱 Noa Gotô
  　青木崇高 Munetaka Aoki
  　市川实和子 Miwako Ichikawa
  　铃木庆一 Keiichi Suzuki
  　水泽绅吾 Shingo Mizusawa
  　泽部渡 Wataru Sawabe

◎简　　介

一个雷雨交加的夜晚，寺庙僧人捡到了一只被遗弃的小猫，并为它取名为“小杏”，数十年后，小杏竟然长成了一只会说人话的巨大“猫妖”。在一次偶然的契机下，少女花梨与猫妖小杏展开了一场穿越地狱的奇幻冒险之旅……

◎获奖情况

第77届戛纳电影节  (2024)
导演双周单元(提名) 久野遥子 / 山下敦弘

第46届安锡国际动画节  (2024)
长篇动画单元长片水晶奖(提名) 久野遥子 / 山下敦弘


猫妖小杏.2024.BD.1080P.日语中字

磁力链下载器：点击下载     播放软件下载：点击下载     电影下载地址2：点击进入
温馨提示：如遇迅雷无法下载可换用无限制版尝试或用磁力下载，欢迎每天来！
下载方法：安装软件后,点击即可下载,谢谢大家支持！喜欢本站,请使用Ctrl+D进行添加收藏！
点击进首发区（第一时间更新）：想第一时间下载本站的影片吗？ 下载方法:不会下载的网友先看看本站电影下载教程。",https://img9.doubanio.com/view/photo/l_ratio_poster/public/p2907938946.jpg,最新电影,2024-05-21(戛纳电影节)/2024-07-19(日本)
2025年动作《飞速追杀》BD中,2025,詹姆斯·马蒂甘 James Madigan,,magnet:?xt=urn:btih:2ee9869ea11846e8dee17e981f9157d93f49e467&dn=%e9%98%b3%e5%85%89%e7%94%b5%e5%bd%b1dygod.org.%e9%a3%9e%e9%80%9f%e8%bf%bd%e6%9d%80.2025.BD.1080P.%e4%b8%ad%e8%8b%b1%e5%8f%8c%e5%ad%97.mkv&tr=udp%3a%2f%2ftracker.opentrackr.org%3a1337%2fannounce&tr=udp%3a%2f%2fexodus.desync.com%3a6969%2fannounce,"◎译　　名　飞速追杀
◎片　　名　Fight or Flight
◎年　　代　2025
◎产　　地　美国/英国
◎类　　别　动作/犯罪
◎语　　言　英语
◎字　　幕　中英双字
◎上映日期　2025-02-28(英国)
◎IMDb评分  6.4/10 from 2905 users
◎片　　长　101分钟
◎导　　演　詹姆斯·马蒂甘 James Madigan
◎编　　剧　D·J·科特罗纳 D.J. Cotrona
  　Brooks McLaren Brooks McLaren
◎主　　演　乔什·哈奈特 Josh Hartnett
  　凯缇·萨克霍夫 Katee Sackhoff
  　查瑞莎·钱德兰 Charithra Chandran
  　马克·扎罗 Marko Zaror
  　朱利安·科斯托夫 Julian Kostov
  　桑吉弗·科赫利 Sanjeev Kohli
  　陈钰芸 Juju Chan
  　诺拉·特罗坎 Nóra Trokán
  　莎拉·林 Sarah Lam
  　艾格塔·达瑙 Ágota Dunai
  　瑞贝卡·约翰斯顿 Rebecka Johnston
  　伊伦·波丹 Irén Bordán
  　吉尤达·杰姆斯 Jyuddah Jaymes
  　佐格赛坎·纳兰索格特 Tsogtsaikan Narantsogt
  　阿提拉·阿帕 Attila Árpa
  　德克兰·巴克斯特 Declan Baxter
  　威廉·范德维格 Willem van der Vegt
  　Danny Ashok Danny Ashok
  　Anabelle Daisy Grundberg Anabelle Daisy Grundberg
  　Melissa Bale Melissa Bale

◎简　　介

落魄特工卢卡斯被紧急招募，任务是在从曼谷飞往旧金山的长途飞机上逮捕黑客幽灵。但卢卡斯却万万没想到，飞机上遍布着想要刺杀幽灵的凶手！


飞速追杀.2025.BD.1080P.中英双字

磁力链下载器：点击下载     播放软件下载：点击下载     电影下载地址2：点击进入
温馨提示：如遇迅雷无法下载可换用无限制版尝试或用磁力下载，欢迎每天来！
下载方法：安装软件后,点击即可下载,谢谢大家支持！喜欢本站,请使用Ctrl+D进行添加收藏！
点击进首发区（第一时间更新）：想第一时间下载本站的影片吗？ 下载方法:不会下载的网友先看看本站电影下载教程。",https://img9.doubanio.com/view/photo/l_ratio_poster/public/p2918450093.jpg,最新电影,2025-02-28(英国)
2025年动作战争《虎口夺金》H,2025,张勇 Yong Zhang,,magnet:?xt=urn:btih:e4105c02b55e31750ae94ea952b5d5dc4e339132&dn=%e9%98%b3%e5%85%89%e7%94%b5%e5%bd%b1dygod.org.%e8%99%8e%e5%8f%a3%e5%a4%ba%e9%87%91.2025.HD.1080P.%e5%9b%bd%e8%af%ad%e4%b8%ad%e5%ad%97.mp4&tr=udp%3a%2f%2ftracker.opentrackr.org%3a1337%2fannounce&tr=udp%3a%2f%2fexodus.desync.com%3a6969%2fannounce,"◎译　　名　Snatching Gold from the Tiger's Mouth
◎片　　名　虎口夺金
◎年　　代　2025
◎产　　地　中国大陆
◎类　　别　动作/战争
◎语　　言　普通话
◎字　　幕　中文
◎上映日期　2025-03-11(中国大陆网络)
◎片　　长　80分钟
◎导　　演　张勇 Yong Zhang
◎主　　演　王辉 Hui Wang
  　单薇 Vicky
  　李博 Bo Li
  　孙文雪 Wenxue Sun

◎简　　介

1937年七七事变爆发，日军开始全面侵华，大肆掠夺中国黄金等战略资源充当军费。八路军胶东军区的战士们与猎人俞洞锋等百姓一起浴血奋战，历经艰辛千里运金，战士和百姓们与日本侵略者展开旷日持久的生死搏杀，最终把黄金运送到延安党中央，有力地支援了全国抗战。


虎口夺金.2025.HD.1080P.国语中字

磁力链下载器：点击下载     播放软件下载：点击下载     电影下载地址2：点击进入
温馨提示：如遇迅雷无法下载可换用无限制版尝试或用磁力下载，欢迎每天来！
下载方法：安装软件后,点击即可下载,谢谢大家支持！喜欢本站,请使用Ctrl+D进行添加收藏！
点击进首发区（第一时间更新）：想第一时间下载本站的影片吗？ 下载方法:不会下载的网友先看看本站电影下载教程。",https://g.imgtg.com/uploads/5829/67cf9b40eded5.jpg,最新电影,2025-03-11(中国大陆网络)
2025年科幻动作《美国队长4》,2025,朱利叶斯·约拿 Julius Onah,5.1,magnet:?xt=urn:btih:57459ff66c9cc942ab754766753e6f1d1615b0f7&dn=%e9%98%b3%e5%85%89%e7%94%b5%e5%bd%b1dygod.org.%e7%be%8e%e5%9b%bd%e9%98%9f%e9%95%bf4.2025.HD.1080P.%e4%b8%ad%e8%8b%b1%e5%8f%8c%e5%ad%97.mkv&tr=udp%3a%2f%2ftracker.opentrackr.org%3a1337%2fannounce&tr=udp%3a%2f%2fexodus.desync.com%3a6969%2fannounce,"◎译　　名　美国队长4/美队4/美国队长：无畏新世界(台)/美国队长4：新世界秩序/美国队长4：勇敢新世界(港)
◎片　　名　Captain America: Brave New World/Captain America 4/Captain America: New World Order
◎年　　代　2025
◎产　　地　美国
◎类　　别　动作/科幻/冒险
◎语　　言　英语/西班牙语/日语
◎字　　幕　中英双字
◎上映日期　2025-02-12(法国)/2025-02-14(美国/中国大陆)
◎IMDb评分  6.0/10 from 70539 users
◎豆瓣评分　5.1/10 from 45463 users
◎片　　长　119分钟
◎导　　演　朱利叶斯·约拿 Julius Onah
◎编　　剧　罗伯·爱德华兹 Rob Edwards
  　马尔科姆·斯佩尔曼 Malcolm Spellman
  　达兰·穆森 Dalan Musson
  　朱利叶斯·约拿 Julius Onah
  　彼得·格兰兹 Peter Glanz
  　乔·西蒙 Joe Simon
  　杰克·科比 Jack Kirby
  　马修·奥尔顿 Matthew Orton
◎主　　演　安东尼·麦凯 Anthony Mackie
  　哈里森·福特 Harrison Ford
  　丹尼·拉米雷斯 Danny Ramirez
  　茜拉·哈斯 Shira Haas
  　卡尔·鲁伯利 Carl Lumbly
  　蒂姆·布雷克·尼尔森 Tim Blake Nelson
  　吉安卡罗·埃斯波西托 Giancarlo Esposito
  　豪莎·罗克莫雷 Xosha Roquemore
  　约翰内斯·豪克尔·约翰内森 Jóhannes Haukur Jóhannesson
  　平岳大 Takehiro Hira
  　塞巴斯蒂安·斯坦 Sebastian Stan
  　丽芙·泰勒 Liv Tyler
  　威廉·麦克·麦库洛 William Mark McCullough
  　赫许·纳亚 Harsh Nayyar
  　里克·埃斯派耶 Rick Espaillat
  　托德·艾伦·德金 Todd Allen Durkin
  　达斯汀·刘易斯 Dustin Lewis
  　蕾切尔·马卡里兰 Rachael Markarian
  　蓬·库巴斯基 Phuong Kubacki
  　阿兰·波尔 Alan Boell
  　阿娃·希尔 Ava Hill
  　玛丽莎·香奈儿·汉普顿 Marissa Chanel Hampton
  　卡特琳娜·艾琴伯格 Katerina Eichenberger
  　马克·佩蒂特 Mark Pettit
  　埃里克·姆班达 Eric Mbanda
  　约翰·迪克森 John Dixon
  　皮特·布里斯 Pete Burris
  　迪塞尔·马德金斯 Diesel Madkins
  　马修·康威尔 Matthew Cornwell
  　艾丽卡·凯克 Erika Keck
  　比尔·斯丁奇科 Bill Stinchcomb
  　塞斯·罗林斯 Seth Rollins
  　杰奎琳·劳克斯 Jacqueline Loucks
  　托尼·马雷诺 Tony Mareno
  　佐安妮·麦克金斯特里 Zo'Anne Mckinstry
  　罗莎·萨拉查 Rosa Salazar
  　卡拉·塞内卡 Carla Seneca

◎简　　介

能够展翅高飞的猎鹰山姆·威尔逊（安东尼·麦凯 Anthony Mackie 饰）受史蒂夫·罗杰斯的信任所托，接过盾牌，正式成为美国队长。在与美国总统撒迪厄斯·罗斯（哈里森·福特 Harrison Ford 饰）会面后，山姆发现自己被卷入了一场国际事件。他必须赶在真正的幕后黑手让全世界陷入混乱之前查明真相，揭露这起波及全球的阴谋。


美国队长4.2024.HD.1080P.中英双字

磁力链下载器：点击下载     播放软件下载：点击下载     电影下载地址2：点击进入
温馨提示：如遇迅雷无法下载可换用无限制版尝试或用磁力下载，欢迎每天来！
下载方法：安装软件后,点击即可下载,谢谢大家支持！喜欢本站,请使用Ctrl+D进行添加收藏！
点击进首发区（第一时间更新）：想第一时间下载本站的影片吗？ 下载方法:不会下载的网友先看看本站电影下载教程。",https://img9.doubanio.com/view/photo/l_ratio_poster/public/p2916353360.jpg,最新电影,2025-02-12(法国)/2025-02-14(美国/中国大陆)
2024年悬疑犯罪《超意神探》B,2024,黄明升 Ming-Sing Wong,4.2,magnet:?xt=urn:btih:7e4a5970e9c6646a94ae4723d5faa5920b815bee&dn=%e9%98%b3%e5%85%89%e7%94%b5%e5%bd%b1dygod.org.%e8%b6%85%e6%84%8f%e7%a5%9e%e6%8e%a2.2024.BD.1080P.%e5%9b%bd%e7%b2%a4%e5%8f%8c%e8%af%ad%e4%b8%ad%e5%ad%97.mkv&tr=udp%3a%2f%2ftracker.opentrackr.org%3a1337%2fannounce&tr=udp%3a%2f%2fexodus.desync.com%3a6969%2fannounce,"◎译　　名　Suspect
◎片　　名　超意神探
◎年　　代　2024
◎产　　地　中国大陆/中国香港
◎类　　别　悬疑/犯罪
◎语　　言　普通话
◎字　　幕　中文
◎上映日期　2024-04-04(中国大陆网络)
◎IMDb评分  4.6/10 from 70 users
◎豆瓣评分　4.2/10 from 4268 users
◎片　　长　93分钟
◎导　　演　黄明升 Ming-Sing Wong
◎编　　剧　黄明升 Ming-Sing Wong
  　王焱 Yan Wang
  　马焱 Yan Ma
◎主　　演　张家辉 Nick Cheung
  　张艺上 Yishang Zhang
  　谭耀文 Patrick Tam
  　周励淇 Niki Chow
  　梁永棋 Yongqi Liang
  　洪天照 Sammy Hung Tin Chiu
  　唐文龙 Michael Tong
  　包文婧 Wenjing Bao
  　王尊 Zun Wang

◎简　　介

讲述了患有超忆症的重案组警察郭文斌利用自己的特殊记忆能力与罪案凶手斗智斗勇，最终揭开案件背后的悲剧真相并坚持正义原则的故事。


超意神探.2024.BD.1080P.国粤双语中字

磁力链下载器：点击下载     播放软件下载：点击下载     电影下载地址2：点击进入
温馨提示：如遇迅雷无法下载可换用无限制版尝试或用磁力下载，欢迎每天来！
下载方法：安装软件后,点击即可下载,谢谢大家支持！喜欢本站,请使用Ctrl+D进行添加收藏！
点击进首发区（第一时间更新）：想第一时间下载本站的影片吗？ 下载方法:不会下载的网友先看看本站电影下载教程。",https://img9.doubanio.com/view/photo/l_ratio_poster/public/p2906229647.jpg,最新电影,2024-04-04(中国大陆网络)
2024年动画《蜡笔小新：我们,2024,佐佐木忍 Sasaki Shinobu,6.5,magnet:?xt=urn:btih:93a03de57ea19b36668b1eea265604c0bd845413&dn=%e9%98%b3%e5%85%89%e7%94%b5%e5%bd%b1dygod.org.%e8%9c%a1%e7%ac%94%e5%b0%8f%e6%96%b0%ef%bc%9a%e6%88%91%e4%bb%ac%e7%9a%84%e6%81%90%e9%be%99%e6%97%a5%e8%ae%b0.2024.BD.1080P.%e5%9b%bd%e7%b2%a4%e6%97%a5%e4%b8%89%e8%af%ad%e4%b8%ad%e5%ad%97.mkv&tr=udp%3a%2f%2ftracker.opentrackr.org%3a1337%2fannounce&tr=udp%3a%2f%2fexodus.desync.com%3a6969%2fannounce,"◎译　　名　蜡笔小新：我们的恐龙日记/电影蜡笔小新：我们的恐龙日记(台)/蜡笔小新剧场版：我们的恐龙日记(港)/Crayon Shin-chan the Movie: Our Dinosaur Diary
◎片　　名　クレヨンしんちゃん オラたちの恐竜日記
◎年　　代　2024
◎产　　地　日本
◎类　　别　喜剧/动画
◎语　　言　日语
◎字　　幕　中文
◎上映日期　2024-08-09(日本)/2024-11-23(中国大陆)
◎IMDb评分  6.6/10 from 295 users
◎豆瓣评分　6.5/10 from 13674 users
◎片　　长　106分钟
◎导　　演　佐佐木忍 Sasaki Shinobu
◎编　　剧　莫瑞尔 Moral / 臼井仪人   Yoshito Usui 
◎主　　演　小林由美子 Yumiko Kobayashi
  　楢桥美纪 Miki Narahashi
  　森川智之 Toshiyuki Morikawa
  　兴梠里美 Satomi Koorogi
  　真柴摩利 Mashiba Mari
  　林玉绪 Hayashi Tamao
  　一龙斋贞友 Teiyû Ichiryûsai
  　Loay Abumazrou Loay Abumazrou
  　畠中悠 Yu Hatanaka
  　伊藤俊辅 Shunsuke Ito
  　金田朋子 Tomoko Kaneda
  　北村匠海 Takumi Kitamura
  　小林优 Yu Kobayashi
  　水树奈奈 Nana Mizuki
  　户松遥 Haruka Tomatsu
  　内田真礼 Maaya Uchida
  　安元洋贵 Hiroki Yasumoto
  　乔恩·奥斯华尔德 Jon Oswald

◎简　　介

影片讲述在野原新之助的五岁暑假，东京新开了一个现代复活恐龙的主题公园，迎来了前所未有的恐龙热潮。而在春日部河滩旁，小白也偶遇到了一个新朋友—— 纳纳，随着春日部防卫队和纳纳的相处，恐龙公园背后的真相也随之揭露，巨大恐龙突然暴走街头，这次他们能否成功化解危机呢？
这个暑假，主打近 距离观察复活的恐龙的主题乐园「恐龙岛」在东京开幕了。小新与春日部防卫队，受邀至这座备受瞩目的乐园参观。与此同时，野原家的爱犬小白，在春日部河畔遇 见了小恐龙那那。那那很快地与他们成为好友，共度这个充满回忆的暑假。然而，那那其实有一个惊人的秘密。就在此时，「恐龙岛」上发生了恐龙逃脱事件……


蜡笔小新：我们的恐龙日记.2024.BD.1080P.国粤日三语中字

磁力链下载器：点击下载     播放软件下载：点击下载     电影下载地址2：点击进入
温馨提示：如遇迅雷无法下载可换用无限制版尝试或用磁力下载，欢迎每天来！
下载方法：安装软件后,点击即可下载,谢谢大家支持！喜欢本站,请使用Ctrl+D进行添加收藏！
点击进首发区（第一时间更新）：想第一时间下载本站的影片吗？ 下载方法:不会下载的网友先看看本站电影下载教程。",https://img9.doubanio.com/view/photo/l_ratio_poster/public/p2915313612.jpg,最新电影,2024-08-09(日本)/2024-11-23(中国大陆)
2024年动画喜剧《海洋奇缘2》,2024,小戴夫·德里克 David G. Derrick Jr.,6.7,magnet:?xt=urn:btih:498cdc74cfba2bfa795c5024e9ef3d894ca37769&dn=%e9%98%b3%e5%85%89%e7%94%b5%e5%bd%b1dygod.org.%e6%b5%b7%e6%b4%8b%e5%a5%87%e7%bc%982.2024.1080P.%e5%9b%bd%e8%8b%b1%e5%8f%8c%e8%af%ad%e5%8f%8c%e5%ad%97.mkv&tr=udp%3a%2f%2ftracker.opentrackr.org%3a1337%2fannounce&tr=udp%3a%2f%2fexodus.desync.com%3a6969%2fannounce,"◎译　　名　海洋奇缘2/魔海奇缘2(港)/莫阿娜2
◎片　　名　Moana 2
◎年　　代　2024
◎产　　地　美国/加拿大
◎类　　别　喜剧/动画/歌舞/奇幻/冒险
◎语　　言　国英双语
◎字　　幕　中英双字
◎上映日期　2024-11-27(美国)/2024-11-29(中国大陆)
◎IMDb评分  6.8/10 from 80618 users
◎豆瓣评分　6.7/10 from 28225 users
◎片　　长　100分钟
◎导　　演　小戴夫·德里克 David G. Derrick Jr.
  　杰森·汉德 Jason Hand
  　达娜·莱杜克斯·米勒 Dana Ledoux Miller
◎编　　剧　杰拉德·布什 Jared Bush
  　达娜·莱杜克斯·米勒 Dana Ledoux Miller
  　贝克·史密斯 Bek Smith
  　布莱森·春 Bryson Chun
  　小戴夫·德里克 David G. Derrick Jr.
◎主　　演　奥丽伊·卡瓦洛 Auli'i Cravalho
  　道恩·强森 Dwayne Johnson
  　华拉莱·钟 Hualalai Chung
  　罗丝·马塔费奥 Rose Matafeo
  　戴维·法恩 David Fane
  　阿华麦·弗雷泽 Awhimai Fraser
  　卡乐西·兰伯特-苏打 Khaleesi Lambert-Tsuda
  　特穆拉·莫里森 Temuera Morrison
  　尼可·斯彻金格 Nicole Scherzinger
  　瑞切尔·豪斯 Rachel House
  　杰拉德·法塔拉·拉姆塞 Gerald Faitala Ramsey
  　艾伦·图代克 Alan Tudyk
  　杰梅奈·克莱门特 Jemaine Clement
  　托菲加·费普莱伊 Tofiga Fepulea'i
  　杰丝敏·强森 Jasmine Johnson
  　蒂安娜·强森 Tiana Johnson
  　阿塔·约翰逊 Ata Johnson
  　布莱森·春 Bryson Chun
  　诺埃米·约瑟菲娜·弗洛斯 Noemi Josefina Flores
  　塞塔罗萨·图萨米-乐杜克斯 Setarosa Tuitasi-Ledoux

◎简　　介

在祖灵突如其来的呼唤之下，莫阿娜（奥丽伊·卡瓦洛 Auli'i Cravalho 配音）、毛伊（道恩·强森 Dwayne Johnson 配音）和新船员们将启程航向大洋洲的彼端，一路深入危险未知的海域，面对一场前所未见的新冒险。

◎获奖情况

第82届金球奖  (2025)
电影类最佳动画长片(提名)

第52届动画安妮奖  (2025)
最佳剪辑(提名)
最佳分镜(提名)
最佳动画角色(提名)
最佳动画效果(提名)


海洋奇缘2.2024.1080P.国英双语双字

磁力链下载器：点击下载     播放软件下载：点击下载     电影下载地址2：点击进入
温馨提示：如遇迅雷无法下载可换用无限制版尝试或用磁力下载，欢迎每天来！
下载方法：安装软件后,点击即可下载,谢谢大家支持！喜欢本站,请使用Ctrl+D进行添加收藏！
点击进首发区（第一时间更新）：想第一时间下载本站的影片吗？ 下载方法:不会下载的网友先看看本站电影下载教程。",https://img9.doubanio.com/view/photo/l_ratio_poster/public/p2914213775.jpg,最新电影,2024-11-27(美国)/2024-11-29(中国大陆)
2025年动作《九州千秋令》HD,2025,刘青松 Qingsong Liu,,magnet:?xt=urn:btih:04a8fee2d1d6f6f9b56992fcea95ba21a300daf7&dn=%e9%98%b3%e5%85%89%e7%94%b5%e5%bd%b1dygod.org.%e4%b9%9d%e5%b7%9e%e5%8d%83%e7%a7%8b%e4%bb%a4.2025.HD.1080P.%e5%9b%bd%e8%af%ad%e4%b8%ad%e5%ad%97.mp4&tr=udp%3a%2f%2ftracker.opentrackr.org%3a1337%2fannounce&tr=udp%3a%2f%2fexodus.desync.com%3a6969%2fannounce,"◎片　　名　九州千秋令
◎年　　代　2025
◎产　　地　中国大陆
◎类　　别　古装/动作/剧情
◎语　　言　普通话
◎字　　幕　中文
◎上映日期　2025-03-07(中国大陆网络)
◎片　　长　85分钟
◎导　　演　刘青松 Qingsong Liu
◎主　　演　樊少皇 Shaohuang Fan
  　吕良伟 Liangwei Lv
  　谢闻轩 Wenxuan Xie
  　方子怡 Ziyi Fang
  　贾晓晨 J.J. Jia

◎简　　介

牧野王直逼金殿，金殿之上帝后说出帝有一子：天星。帝后派曼殊寻天星继承大统。宫中谋反，牧野王被擒，赛毅称王。天星曼殊回宫来败阵，不料利剑刺穿赛毅，曼殊手握长剑含泪。自古忠孝难两全，曼殊为忠国而弑父，为孝父而自尽。儿女情长只待追忆，天星王者再临。


九州千秋令.2025.HD.1080P.国语中字

磁力链下载器：点击下载     播放软件下载：点击下载     电影下载地址2：点击进入
温馨提示：如遇迅雷无法下载可换用无限制版尝试或用磁力下载，欢迎每天来！
下载方法：安装软件后,点击即可下载,谢谢大家支持！喜欢本站,请使用Ctrl+D进行添加收藏！
点击进首发区（第一时间更新）：想第一时间下载本站的影片吗？ 下载方法:不会下载的网友先看看本站电影下载教程。",https://g.imgtg.com/uploads/5829/67c98ac312955.jpg,最新电影,2025-03-07(中国大陆网络)
